[chain] 17:30:50 START — 04 rollout 50 d'abord (~12 h)
[robosuite WARNING] No private macro file found! (macros.py:57)
[robosuite WARNING] It is recommended to use a private macro file (macros.py:58)
[robosuite WARNING] To setup, run: python /Users/nielsmurawka/Documents/VScodeProject/experience_Le/venv312/lib/python3.12/site-packages/robosuite/scripts/setup_macros.py (macros.py:59)
[robosuite WARNING] Could not import robosuite_models. Some robots may not be available. If you want to use these robots, please install robosuite_models from source (https://github.com/ARISE-Initiative/robosuite_models) or through pip install. (__init__.py:30)
[robosuite WARNING] Could not load the mink-based whole-body IK. Make sure you install related import properly, otherwise you will not be able to use the default IK controller setting for GR1 robot. (__init__.py:40)
[04] 50 val states
[04] 0 steps déjà évalués
[04] eval ckpt step=200
objc[67564]: Class AVFFrameReceiver is implemented in both /Users/nielsmurawka/Documents/VScodeProject/experience_Le/venv312/lib/python3.12/site-packages/cv2/.dylibs/libavdevice.61.3.100.dylib (0x103da43a8) and /Users/nielsmurawka/Documents/VScodeProject/experience_Le/venv312/lib/python3.12/site-packages/av/.dylibs/libavdevice.61.3.100.dylib (0x13fd643a8). This may cause spurious casting failures and mysterious crashes. One of the duplicates must be removed or renamed.
objc[67564]: Class AVFAudioReceiver is implemented in both /Users/nielsmurawka/Documents/VScodeProject/experience_Le/venv312/lib/python3.12/site-packages/cv2/.dylibs/libavdevice.61.3.100.dylib (0x103da43f8) and /Users/nielsmurawka/Documents/VScodeProject/experience_Le/venv312/lib/python3.12/site-packages/av/.dylibs/libavdevice.61.3.100.dylib (0x13fd643f8). This may cause spurious casting failures and mysterious crashes. One of the duplicates must be removed or renamed.
Loading weights from local directory
ROBOMIMIC WARNING(
    No private macro file found!
    It is recommended to use a private macro file
    To setup, run: python /Users/nielsmurawka/Documents/VScodeProject/experience_Le/venv312/lib/python3.12/site-packages/robomimic/scripts/setup_macros.py
)

============= Initialized Observation Utils with Obs Spec =============

using obs modality: low_dim with keys: ['robot0_eef_quat', 'robot0_eef_pos', 'object', 'robot0_gripper_qpos']
using obs modality: rgb with keys: []
Created environment with name PickPlaceCan
Action size is 7
ROBOMIMIC WARNING(
    Dataset and installed environment version mismatch!
    Dataset environment version: 1.4.1
    Installed environment version: 1.5.2
)
[04] step=200 : 0/50 = 0.0% [0.0%-7.1%] elapsed=594s
[04] eval ckpt step=400
Loading weights from local directory

============= Initialized Observation Utils with Obs Spec =============

using obs modality: low_dim with keys: ['robot0_eef_quat', 'robot0_eef_pos', 'object', 'robot0_gripper_qpos']
using obs modality: rgb with keys: []
Created environment with name PickPlaceCan
Action size is 7
ROBOMIMIC WARNING(
    Dataset and installed environment version mismatch!
    Dataset environment version: 1.4.1
    Installed environment version: 1.5.2
)
[04] step=400 : 0/50 = 0.0% [0.0%-7.1%] elapsed=595s
[04] eval ckpt step=600
Loading weights from local directory

============= Initialized Observation Utils with Obs Spec =============

using obs modality: low_dim with keys: ['robot0_eef_quat', 'robot0_eef_pos', 'object', 'robot0_gripper_qpos']
using obs modality: rgb with keys: []
Created environment with name PickPlaceCan
Action size is 7
ROBOMIMIC WARNING(
    Dataset and installed environment version mismatch!
    Dataset environment version: 1.4.1
    Installed environment version: 1.5.2
)
[04] step=600 : 0/50 = 0.0% [0.0%-7.1%] elapsed=599s
[04] eval ckpt step=800
Loading weights from local directory

============= Initialized Observation Utils with Obs Spec =============

using obs modality: low_dim with keys: ['robot0_eef_quat', 'robot0_eef_pos', 'object', 'robot0_gripper_qpos']
using obs modality: rgb with keys: []
Created environment with name PickPlaceCan
Action size is 7
ROBOMIMIC WARNING(
    Dataset and installed environment version mismatch!
    Dataset environment version: 1.4.1
    Installed environment version: 1.5.2
)
[04] step=800 : 0/50 = 0.0% [0.0%-7.1%] elapsed=593s
[04] eval ckpt step=1000
Loading weights from local directory

============= Initialized Observation Utils with Obs Spec =============

using obs modality: low_dim with keys: ['robot0_eef_quat', 'robot0_eef_pos', 'object', 'robot0_gripper_qpos']
using obs modality: rgb with keys: []
Created environment with name PickPlaceCan
Action size is 7
ROBOMIMIC WARNING(
    Dataset and installed environment version mismatch!
    Dataset environment version: 1.4.1
    Installed environment version: 1.5.2
)
[04] step=1000 : 0/50 = 0.0% [0.0%-7.1%] elapsed=594s
[04] eval ckpt step=1200
Loading weights from local directory

============= Initialized Observation Utils with Obs Spec =============

using obs modality: low_dim with keys: ['robot0_eef_quat', 'robot0_eef_pos', 'object', 'robot0_gripper_qpos']
using obs modality: rgb with keys: []
Created environment with name PickPlaceCan
Action size is 7
ROBOMIMIC WARNING(
    Dataset and installed environment version mismatch!
    Dataset environment version: 1.4.1
    Installed environment version: 1.5.2
)
[04] step=1200 : 0/50 = 0.0% [0.0%-7.1%] elapsed=594s
[04] eval ckpt step=1400
Loading weights from local directory

============= Initialized Observation Utils with Obs Spec =============

using obs modality: low_dim with keys: ['robot0_eef_quat', 'robot0_eef_pos', 'object', 'robot0_gripper_qpos']
using obs modality: rgb with keys: []
Created environment with name PickPlaceCan
Action size is 7
ROBOMIMIC WARNING(
    Dataset and installed environment version mismatch!
    Dataset environment version: 1.4.1
    Installed environment version: 1.5.2
)
[04] step=1400 : 0/50 = 0.0% [0.0%-7.1%] elapsed=598s
[04] eval ckpt step=1600
Loading weights from local directory

============= Initialized Observation Utils with Obs Spec =============

using obs modality: low_dim with keys: ['robot0_eef_quat', 'robot0_eef_pos', 'object', 'robot0_gripper_qpos']
using obs modality: rgb with keys: []
Created environment with name PickPlaceCan
Action size is 7
ROBOMIMIC WARNING(
    Dataset and installed environment version mismatch!
    Dataset environment version: 1.4.1
    Installed environment version: 1.5.2
)
[04] step=1600 : 0/50 = 0.0% [0.0%-7.1%] elapsed=605s
[04] eval ckpt step=1800
Loading weights from local directory

============= Initialized Observation Utils with Obs Spec =============

using obs modality: low_dim with keys: ['robot0_eef_quat', 'robot0_eef_pos', 'object', 'robot0_gripper_qpos']
using obs modality: rgb with keys: []
Created environment with name PickPlaceCan
Action size is 7
ROBOMIMIC WARNING(
    Dataset and installed environment version mismatch!
    Dataset environment version: 1.4.1
    Installed environment version: 1.5.2
)
[04] step=1800 : 0/50 = 0.0% [0.0%-7.1%] elapsed=599s
[04] eval ckpt step=2000
Loading weights from local directory

============= Initialized Observation Utils with Obs Spec =============

using obs modality: low_dim with keys: ['robot0_eef_quat', 'robot0_eef_pos', 'object', 'robot0_gripper_qpos']
using obs modality: rgb with keys: []
Created environment with name PickPlaceCan
Action size is 7
ROBOMIMIC WARNING(
    Dataset and installed environment version mismatch!
    Dataset environment version: 1.4.1
    Installed environment version: 1.5.2
)
[04] step=2000 : 0/50 = 0.0% [0.0%-7.1%] elapsed=597s
[04] eval ckpt step=2200
Loading weights from local directory

============= Initialized Observation Utils with Obs Spec =============

using obs modality: low_dim with keys: ['robot0_eef_quat', 'robot0_eef_pos', 'object', 'robot0_gripper_qpos']
using obs modality: rgb with keys: []
Created environment with name PickPlaceCan
Action size is 7
ROBOMIMIC WARNING(
    Dataset and installed environment version mismatch!
    Dataset environment version: 1.4.1
    Installed environment version: 1.5.2
)
[04] step=2200 : 0/50 = 0.0% [0.0%-7.1%] elapsed=599s
[04] eval ckpt step=2400
Loading weights from local directory

============= Initialized Observation Utils with Obs Spec =============

using obs modality: low_dim with keys: ['robot0_eef_quat', 'robot0_eef_pos', 'object', 'robot0_gripper_qpos']
using obs modality: rgb with keys: []
Created environment with name PickPlaceCan
Action size is 7
ROBOMIMIC WARNING(
    Dataset and installed environment version mismatch!
    Dataset environment version: 1.4.1
    Installed environment version: 1.5.2
)
[04] step=2400 : 0/50 = 0.0% [0.0%-7.1%] elapsed=597s
[04] eval ckpt step=2600
Loading weights from local directory

============= Initialized Observation Utils with Obs Spec =============

using obs modality: low_dim with keys: ['robot0_eef_quat', 'robot0_eef_pos', 'object', 'robot0_gripper_qpos']
using obs modality: rgb with keys: []
Created environment with name PickPlaceCan
Action size is 7
ROBOMIMIC WARNING(
    Dataset and installed environment version mismatch!
    Dataset environment version: 1.4.1
    Installed environment version: 1.5.2
)
[04] step=2600 : 0/50 = 0.0% [0.0%-7.1%] elapsed=601s
[04] eval ckpt step=2800
Loading weights from local directory

============= Initialized Observation Utils with Obs Spec =============

using obs modality: low_dim with keys: ['robot0_eef_quat', 'robot0_eef_pos', 'object', 'robot0_gripper_qpos']
using obs modality: rgb with keys: []
Created environment with name PickPlaceCan
Action size is 7
ROBOMIMIC WARNING(
    Dataset and installed environment version mismatch!
    Dataset environment version: 1.4.1
    Installed environment version: 1.5.2
)
[04] step=2800 : 0/50 = 0.0% [0.0%-7.1%] elapsed=600s
[04] eval ckpt step=3000
Loading weights from local directory

============= Initialized Observation Utils with Obs Spec =============

using obs modality: low_dim with keys: ['robot0_eef_quat', 'robot0_eef_pos', 'object', 'robot0_gripper_qpos']
using obs modality: rgb with keys: []
Created environment with name PickPlaceCan
Action size is 7
ROBOMIMIC WARNING(
    Dataset and installed environment version mismatch!
    Dataset environment version: 1.4.1
    Installed environment version: 1.5.2
)
[04] step=3000 : 1/50 = 2.0% [0.4%-10.5%] elapsed=592s
[04] eval ckpt step=3200
Loading weights from local directory

============= Initialized Observation Utils with Obs Spec =============

using obs modality: low_dim with keys: ['robot0_eef_quat', 'robot0_eef_pos', 'object', 'robot0_gripper_qpos']
using obs modality: rgb with keys: []
Created environment with name PickPlaceCan
Action size is 7
ROBOMIMIC WARNING(
    Dataset and installed environment version mismatch!
    Dataset environment version: 1.4.1
    Installed environment version: 1.5.2
)
[04] step=3200 : 0/50 = 0.0% [0.0%-7.1%] elapsed=598s
[04] eval ckpt step=3400
Loading weights from local directory

============= Initialized Observation Utils with Obs Spec =============

using obs modality: low_dim with keys: ['robot0_eef_quat', 'robot0_eef_pos', 'object', 'robot0_gripper_qpos']
using obs modality: rgb with keys: []
Created environment with name PickPlaceCan
Action size is 7
ROBOMIMIC WARNING(
    Dataset and installed environment version mismatch!
    Dataset environment version: 1.4.1
    Installed environment version: 1.5.2
)
[04] step=3400 : 1/50 = 2.0% [0.4%-10.5%] elapsed=592s
[04] eval ckpt step=3600
Loading weights from local directory

============= Initialized Observation Utils with Obs Spec =============

using obs modality: low_dim with keys: ['robot0_eef_quat', 'robot0_eef_pos', 'object', 'robot0_gripper_qpos']
using obs modality: rgb with keys: []
Created environment with name PickPlaceCan
Action size is 7
ROBOMIMIC WARNING(
    Dataset and installed environment version mismatch!
    Dataset environment version: 1.4.1
    Installed environment version: 1.5.2
)
[04] step=3600 : 0/50 = 0.0% [0.0%-7.1%] elapsed=599s
[04] eval ckpt step=3800
Loading weights from local directory

============= Initialized Observation Utils with Obs Spec =============

using obs modality: low_dim with keys: ['robot0_eef_quat', 'robot0_eef_pos', 'object', 'robot0_gripper_qpos']
using obs modality: rgb with keys: []
Created environment with name PickPlaceCan
Action size is 7
ROBOMIMIC WARNING(
    Dataset and installed environment version mismatch!
    Dataset environment version: 1.4.1
    Installed environment version: 1.5.2
)
[04] step=3800 : 5/50 = 10.0% [4.3%-21.4%] elapsed=560s
[04] eval ckpt step=4000
Loading weights from local directory

============= Initialized Observation Utils with Obs Spec =============

using obs modality: low_dim with keys: ['robot0_eef_quat', 'robot0_eef_pos', 'object', 'robot0_gripper_qpos']
using obs modality: rgb with keys: []
Created environment with name PickPlaceCan
Action size is 7
ROBOMIMIC WARNING(
    Dataset and installed environment version mismatch!
    Dataset environment version: 1.4.1
    Installed environment version: 1.5.2
)
[04] step=4000 : 0/50 = 0.0% [0.0%-7.1%] elapsed=608s
[04] eval ckpt step=4200
Loading weights from local directory

============= Initialized Observation Utils with Obs Spec =============

using obs modality: low_dim with keys: ['robot0_eef_quat', 'robot0_eef_pos', 'object', 'robot0_gripper_qpos']
using obs modality: rgb with keys: []
Created environment with name PickPlaceCan
Action size is 7
ROBOMIMIC WARNING(
    Dataset and installed environment version mismatch!
    Dataset environment version: 1.4.1
    Installed environment version: 1.5.2
)
[04] step=4200 : 3/50 = 6.0% [2.1%-16.2%] elapsed=585s
[04] eval ckpt step=4400
Loading weights from local directory

============= Initialized Observation Utils with Obs Spec =============

using obs modality: low_dim with keys: ['robot0_eef_quat', 'robot0_eef_pos', 'object', 'robot0_gripper_qpos']
using obs modality: rgb with keys: []
Created environment with name PickPlaceCan
Action size is 7
ROBOMIMIC WARNING(
    Dataset and installed environment version mismatch!
    Dataset environment version: 1.4.1
    Installed environment version: 1.5.2
)
[04] step=4400 : 2/50 = 4.0% [1.1%-13.5%] elapsed=587s
[04] eval ckpt step=4600
Loading weights from local directory

============= Initialized Observation Utils with Obs Spec =============

using obs modality: low_dim with keys: ['robot0_eef_quat', 'robot0_eef_pos', 'object', 'robot0_gripper_qpos']
using obs modality: rgb with keys: []
Created environment with name PickPlaceCan
Action size is 7
ROBOMIMIC WARNING(
    Dataset and installed environment version mismatch!
    Dataset environment version: 1.4.1
    Installed environment version: 1.5.2
)
[04] step=4600 : 4/50 = 8.0% [3.2%-18.8%] elapsed=573s
[04] eval ckpt step=4800
Loading weights from local directory

============= Initialized Observation Utils with Obs Spec =============

using obs modality: low_dim with keys: ['robot0_eef_quat', 'robot0_eef_pos', 'object', 'robot0_gripper_qpos']
using obs modality: rgb with keys: []
Created environment with name PickPlaceCan
Action size is 7
ROBOMIMIC WARNING(
    Dataset and installed environment version mismatch!
    Dataset environment version: 1.4.1
    Installed environment version: 1.5.2
)
[04] step=4800 : 0/50 = 0.0% [0.0%-7.1%] elapsed=598s
[04] eval ckpt step=5000
Loading weights from local directory

============= Initialized Observation Utils with Obs Spec =============

using obs modality: low_dim with keys: ['robot0_eef_quat', 'robot0_eef_pos', 'object', 'robot0_gripper_qpos']
using obs modality: rgb with keys: []
Created environment with name PickPlaceCan
Action size is 7
ROBOMIMIC WARNING(
    Dataset and installed environment version mismatch!
    Dataset environment version: 1.4.1
    Installed environment version: 1.5.2
)
[04] step=5000 : 1/50 = 2.0% [0.4%-10.5%] elapsed=592s
[04] eval ckpt step=5200
Loading weights from local directory

============= Initialized Observation Utils with Obs Spec =============

using obs modality: low_dim with keys: ['robot0_eef_quat', 'robot0_eef_pos', 'object', 'robot0_gripper_qpos']
using obs modality: rgb with keys: []
Created environment with name PickPlaceCan
Action size is 7
ROBOMIMIC WARNING(
    Dataset and installed environment version mismatch!
    Dataset environment version: 1.4.1
    Installed environment version: 1.5.2
)
[04] step=5200 : 7/50 = 14.0% [7.0%-26.2%] elapsed=554s
[04] eval ckpt step=5400
Loading weights from local directory

============= Initialized Observation Utils with Obs Spec =============

using obs modality: low_dim with keys: ['robot0_eef_quat', 'robot0_eef_pos', 'object', 'robot0_gripper_qpos']
using obs modality: rgb with keys: []
Created environment with name PickPlaceCan
Action size is 7
ROBOMIMIC WARNING(
    Dataset and installed environment version mismatch!
    Dataset environment version: 1.4.1
    Installed environment version: 1.5.2
)
[04] step=5400 : 5/50 = 10.0% [4.3%-21.4%] elapsed=559s
[04] eval ckpt step=5600
Loading weights from local directory

============= Initialized Observation Utils with Obs Spec =============

using obs modality: low_dim with keys: ['robot0_eef_quat', 'robot0_eef_pos', 'object', 'robot0_gripper_qpos']
using obs modality: rgb with keys: []
Created environment with name PickPlaceCan
Action size is 7
ROBOMIMIC WARNING(
    Dataset and installed environment version mismatch!
    Dataset environment version: 1.4.1
    Installed environment version: 1.5.2
)
[04] step=5600 : 3/50 = 6.0% [2.1%-16.2%] elapsed=582s
[04] eval ckpt step=5800
Loading weights from local directory

============= Initialized Observation Utils with Obs Spec =============

using obs modality: low_dim with keys: ['robot0_eef_quat', 'robot0_eef_pos', 'object', 'robot0_gripper_qpos']
using obs modality: rgb with keys: []
Created environment with name PickPlaceCan
Action size is 7
ROBOMIMIC WARNING(
    Dataset and installed environment version mismatch!
    Dataset environment version: 1.4.1
    Installed environment version: 1.5.2
)
[04] step=5800 : 15/50 = 30.0% [19.1%-43.8%] elapsed=499s
[04] eval ckpt step=6000
Loading weights from local directory

============= Initialized Observation Utils with Obs Spec =============

using obs modality: low_dim with keys: ['robot0_eef_quat', 'robot0_eef_pos', 'object', 'robot0_gripper_qpos']
using obs modality: rgb with keys: []
Created environment with name PickPlaceCan
Action size is 7
ROBOMIMIC WARNING(
    Dataset and installed environment version mismatch!
    Dataset environment version: 1.4.1
    Installed environment version: 1.5.2
)
[04] step=6000 : 9/50 = 18.0% [9.8%-30.8%] elapsed=534s
[04] eval ckpt step=6200
Loading weights from local directory

============= Initialized Observation Utils with Obs Spec =============

using obs modality: low_dim with keys: ['robot0_eef_quat', 'robot0_eef_pos', 'object', 'robot0_gripper_qpos']
using obs modality: rgb with keys: []
Created environment with name PickPlaceCan
Action size is 7
ROBOMIMIC WARNING(
    Dataset and installed environment version mismatch!
    Dataset environment version: 1.4.1
    Installed environment version: 1.5.2
)
[04] step=6200 : 5/50 = 10.0% [4.3%-21.4%] elapsed=564s
[04] eval ckpt step=6400
Loading weights from local directory

============= Initialized Observation Utils with Obs Spec =============

using obs modality: low_dim with keys: ['robot0_eef_quat', 'robot0_eef_pos', 'object', 'robot0_gripper_qpos']
using obs modality: rgb with keys: []
Created environment with name PickPlaceCan
Action size is 7
ROBOMIMIC WARNING(
    Dataset and installed environment version mismatch!
    Dataset environment version: 1.4.1
    Installed environment version: 1.5.2
)
[04] step=6400 : 19/50 = 38.0% [25.9%-51.8%] elapsed=484s
[04] eval ckpt step=6600
Loading weights from local directory

============= Initialized Observation Utils with Obs Spec =============

using obs modality: low_dim with keys: ['robot0_eef_quat', 'robot0_eef_pos', 'object', 'robot0_gripper_qpos']
using obs modality: rgb with keys: []
Created environment with name PickPlaceCan
Action size is 7
ROBOMIMIC WARNING(
    Dataset and installed environment version mismatch!
    Dataset environment version: 1.4.1
    Installed environment version: 1.5.2
)
[04] step=6600 : 12/50 = 24.0% [14.3%-37.4%] elapsed=532s
[04] eval ckpt step=6800
Loading weights from local directory

============= Initialized Observation Utils with Obs Spec =============

using obs modality: low_dim with keys: ['robot0_eef_quat', 'robot0_eef_pos', 'object', 'robot0_gripper_qpos']
using obs modality: rgb with keys: []
Created environment with name PickPlaceCan
Action size is 7
ROBOMIMIC WARNING(
    Dataset and installed environment version mismatch!
    Dataset environment version: 1.4.1
    Installed environment version: 1.5.2
)
[04] step=6800 : 19/50 = 38.0% [25.9%-51.8%] elapsed=474s
[04] eval ckpt step=7000
Loading weights from local directory

============= Initialized Observation Utils with Obs Spec =============

using obs modality: low_dim with keys: ['robot0_eef_quat', 'robot0_eef_pos', 'object', 'robot0_gripper_qpos']
using obs modality: rgb with keys: []
Created environment with name PickPlaceCan
Action size is 7
ROBOMIMIC WARNING(
    Dataset and installed environment version mismatch!
    Dataset environment version: 1.4.1
    Installed environment version: 1.5.2
)
[04] step=7000 : 1/50 = 2.0% [0.4%-10.5%] elapsed=612s
[04] eval ckpt step=7200
Loading weights from local directory

============= Initialized Observation Utils with Obs Spec =============

using obs modality: low_dim with keys: ['robot0_eef_quat', 'robot0_eef_pos', 'object', 'robot0_gripper_qpos']
using obs modality: rgb with keys: []
Created environment with name PickPlaceCan
Action size is 7
ROBOMIMIC WARNING(
    Dataset and installed environment version mismatch!
    Dataset environment version: 1.4.1
    Installed environment version: 1.5.2
)
[04] step=7200 : 17/50 = 34.0% [22.4%-47.8%] elapsed=494s
[04] eval ckpt step=7400
Loading weights from local directory

============= Initialized Observation Utils with Obs Spec =============

using obs modality: low_dim with keys: ['robot0_eef_quat', 'robot0_eef_pos', 'object', 'robot0_gripper_qpos']
using obs modality: rgb with keys: []
Created environment with name PickPlaceCan
Action size is 7
ROBOMIMIC WARNING(
    Dataset and installed environment version mismatch!
    Dataset environment version: 1.4.1
    Installed environment version: 1.5.2
)
[04] step=7400 : 10/50 = 20.0% [11.2%-33.0%] elapsed=544s
[04] eval ckpt step=7600
Loading weights from local directory

============= Initialized Observation Utils with Obs Spec =============

using obs modality: low_dim with keys: ['robot0_eef_quat', 'robot0_eef_pos', 'object', 'robot0_gripper_qpos']
using obs modality: rgb with keys: []
Created environment with name PickPlaceCan
Action size is 7
ROBOMIMIC WARNING(
    Dataset and installed environment version mismatch!
    Dataset environment version: 1.4.1
    Installed environment version: 1.5.2
)
[04] step=7600 : 17/50 = 34.0% [22.4%-47.8%] elapsed=488s
[04] eval ckpt step=7800
Loading weights from local directory

============= Initialized Observation Utils with Obs Spec =============

using obs modality: low_dim with keys: ['robot0_eef_quat', 'robot0_eef_pos', 'object', 'robot0_gripper_qpos']
using obs modality: rgb with keys: []
Created environment with name PickPlaceCan
Action size is 7
ROBOMIMIC WARNING(
    Dataset and installed environment version mismatch!
    Dataset environment version: 1.4.1
    Installed environment version: 1.5.2
)
[04] step=7800 : 18/50 = 36.0% [24.1%-49.9%] elapsed=503s
[04] eval ckpt step=8000
Loading weights from local directory

============= Initialized Observation Utils with Obs Spec =============

using obs modality: low_dim with keys: ['robot0_eef_quat', 'robot0_eef_pos', 'object', 'robot0_gripper_qpos']
using obs modality: rgb with keys: []
Created environment with name PickPlaceCan
Action size is 7
ROBOMIMIC WARNING(
    Dataset and installed environment version mismatch!
    Dataset environment version: 1.4.1
    Installed environment version: 1.5.2
)
[04] step=8000 : 11/50 = 22.0% [12.8%-35.2%] elapsed=528s
[04] eval ckpt step=8200
Loading weights from local directory

============= Initialized Observation Utils with Obs Spec =============

using obs modality: low_dim with keys: ['robot0_eef_quat', 'robot0_eef_pos', 'object', 'robot0_gripper_qpos']
using obs modality: rgb with keys: []
Created environment with name PickPlaceCan
Action size is 7
ROBOMIMIC WARNING(
    Dataset and installed environment version mismatch!
    Dataset environment version: 1.4.1
    Installed environment version: 1.5.2
)
[04] step=8200 : 18/50 = 36.0% [24.1%-49.9%] elapsed=474s
[04] eval ckpt step=8400
Loading weights from local directory

============= Initialized Observation Utils with Obs Spec =============

using obs modality: low_dim with keys: ['robot0_eef_quat', 'robot0_eef_pos', 'object', 'robot0_gripper_qpos']
using obs modality: rgb with keys: []
Created environment with name PickPlaceCan
Action size is 7
ROBOMIMIC WARNING(
    Dataset and installed environment version mismatch!
    Dataset environment version: 1.4.1
    Installed environment version: 1.5.2
)
[04] step=8400 : 9/50 = 18.0% [9.8%-30.8%] elapsed=552s
[04] eval ckpt step=8600
Loading weights from local directory

============= Initialized Observation Utils with Obs Spec =============

using obs modality: low_dim with keys: ['robot0_eef_quat', 'robot0_eef_pos', 'object', 'robot0_gripper_qpos']
using obs modality: rgb with keys: []
Created environment with name PickPlaceCan
Action size is 7
ROBOMIMIC WARNING(
    Dataset and installed environment version mismatch!
    Dataset environment version: 1.4.1
    Installed environment version: 1.5.2
)
[04] step=8600 : 22/50 = 44.0% [31.2%-57.7%] elapsed=450s
[04] eval ckpt step=8800
Loading weights from local directory

============= Initialized Observation Utils with Obs Spec =============

using obs modality: low_dim with keys: ['robot0_eef_quat', 'robot0_eef_pos', 'object', 'robot0_gripper_qpos']
using obs modality: rgb with keys: []
Created environment with name PickPlaceCan
Action size is 7
ROBOMIMIC WARNING(
    Dataset and installed environment version mismatch!
    Dataset environment version: 1.4.1
    Installed environment version: 1.5.2
)
[04] step=8800 : 0/50 = 0.0% [0.0%-7.1%] elapsed=617s
[04] eval ckpt step=9000
Loading weights from local directory

============= Initialized Observation Utils with Obs Spec =============

using obs modality: low_dim with keys: ['robot0_eef_quat', 'robot0_eef_pos', 'object', 'robot0_gripper_qpos']
using obs modality: rgb with keys: []
Created environment with name PickPlaceCan
Action size is 7
ROBOMIMIC WARNING(
    Dataset and installed environment version mismatch!
    Dataset environment version: 1.4.1
    Installed environment version: 1.5.2
)
[04] step=9000 : 27/50 = 54.0% [40.4%-67.0%] elapsed=412s
[04] eval ckpt step=9200
Loading weights from local directory

============= Initialized Observation Utils with Obs Spec =============

using obs modality: low_dim with keys: ['robot0_eef_quat', 'robot0_eef_pos', 'object', 'robot0_gripper_qpos']
using obs modality: rgb with keys: []
Created environment with name PickPlaceCan
Action size is 7
ROBOMIMIC WARNING(
    Dataset and installed environment version mismatch!
    Dataset environment version: 1.4.1
    Installed environment version: 1.5.2
)
[04] step=9200 : 30/50 = 60.0% [46.2%-72.4%] elapsed=402s
[04] eval ckpt step=9400
Loading weights from local directory

============= Initialized Observation Utils with Obs Spec =============

using obs modality: low_dim with keys: ['robot0_eef_quat', 'robot0_eef_pos', 'object', 'robot0_gripper_qpos']
using obs modality: rgb with keys: []
Created environment with name PickPlaceCan
Action size is 7
ROBOMIMIC WARNING(
    Dataset and installed environment version mismatch!
    Dataset environment version: 1.4.1
    Installed environment version: 1.5.2
)
[04] step=9400 : 17/50 = 34.0% [22.4%-47.8%] elapsed=490s
[04] eval ckpt step=9600
Loading weights from local directory

============= Initialized Observation Utils with Obs Spec =============

using obs modality: low_dim with keys: ['robot0_eef_quat', 'robot0_eef_pos', 'object', 'robot0_gripper_qpos']
using obs modality: rgb with keys: []
Created environment with name PickPlaceCan
Action size is 7
ROBOMIMIC WARNING(
    Dataset and installed environment version mismatch!
    Dataset environment version: 1.4.1
    Installed environment version: 1.5.2
)
[04] step=9600 : 16/50 = 32.0% [20.8%-45.8%] elapsed=488s
[04] eval ckpt step=9800
Loading weights from local directory

============= Initialized Observation Utils with Obs Spec =============

using obs modality: low_dim with keys: ['robot0_eef_quat', 'robot0_eef_pos', 'object', 'robot0_gripper_qpos']
using obs modality: rgb with keys: []
Created environment with name PickPlaceCan
Action size is 7
ROBOMIMIC WARNING(
    Dataset and installed environment version mismatch!
    Dataset environment version: 1.4.1
    Installed environment version: 1.5.2
)
[04] step=9800 : 28/50 = 56.0% [42.3%-68.8%] elapsed=401s
[04] eval ckpt step=10000
Loading weights from local directory

============= Initialized Observation Utils with Obs Spec =============

using obs modality: low_dim with keys: ['robot0_eef_quat', 'robot0_eef_pos', 'object', 'robot0_gripper_qpos']
using obs modality: rgb with keys: []
Created environment with name PickPlaceCan
Action size is 7
ROBOMIMIC WARNING(
    Dataset and installed environment version mismatch!
    Dataset environment version: 1.4.1
    Installed environment version: 1.5.2
)
[04] step=10000 : 15/50 = 30.0% [19.1%-43.8%] elapsed=496s
[04] eval ckpt step=10200
Loading weights from local directory

============= Initialized Observation Utils with Obs Spec =============

using obs modality: low_dim with keys: ['robot0_eef_quat', 'robot0_eef_pos', 'object', 'robot0_gripper_qpos']
using obs modality: rgb with keys: []
Created environment with name PickPlaceCan
Action size is 7
ROBOMIMIC WARNING(
    Dataset and installed environment version mismatch!
    Dataset environment version: 1.4.1
    Installed environment version: 1.5.2
)
[04] step=10200 : 30/50 = 60.0% [46.2%-72.4%] elapsed=378s
[04] eval ckpt step=10400
Loading weights from local directory

============= Initialized Observation Utils with Obs Spec =============

using obs modality: low_dim with keys: ['robot0_eef_quat', 'robot0_eef_pos', 'object', 'robot0_gripper_qpos']
using obs modality: rgb with keys: []
Created environment with name PickPlaceCan
Action size is 7
ROBOMIMIC WARNING(
    Dataset and installed environment version mismatch!
    Dataset environment version: 1.4.1
    Installed environment version: 1.5.2
)
[04] step=10400 : 13/50 = 26.0% [15.9%-39.6%] elapsed=503s
[04] eval ckpt step=10600
Loading weights from local directory

============= Initialized Observation Utils with Obs Spec =============

using obs modality: low_dim with keys: ['robot0_eef_quat', 'robot0_eef_pos', 'object', 'robot0_gripper_qpos']
using obs modality: rgb with keys: []
Created environment with name PickPlaceCan
Action size is 7
ROBOMIMIC WARNING(
    Dataset and installed environment version mismatch!
    Dataset environment version: 1.4.1
    Installed environment version: 1.5.2
)
[04] step=10600 : 26/50 = 52.0% [38.5%-65.2%] elapsed=405s
[04] eval ckpt step=10800
Loading weights from local directory

============= Initialized Observation Utils with Obs Spec =============

using obs modality: low_dim with keys: ['robot0_eef_quat', 'robot0_eef_pos', 'object', 'robot0_gripper_qpos']
using obs modality: rgb with keys: []
Created environment with name PickPlaceCan
Action size is 7
ROBOMIMIC WARNING(
    Dataset and installed environment version mismatch!
    Dataset environment version: 1.4.1
    Installed environment version: 1.5.2
)
[04] step=10800 : 26/50 = 52.0% [38.5%-65.2%] elapsed=408s
[04] eval ckpt step=11000
Loading weights from local directory

============= Initialized Observation Utils with Obs Spec =============

using obs modality: low_dim with keys: ['robot0_eef_quat', 'robot0_eef_pos', 'object', 'robot0_gripper_qpos']
using obs modality: rgb with keys: []
Created environment with name PickPlaceCan
Action size is 7
ROBOMIMIC WARNING(
    Dataset and installed environment version mismatch!
    Dataset environment version: 1.4.1
    Installed environment version: 1.5.2
)
[04] step=11000 : 34/50 = 68.0% [54.2%-79.2%] elapsed=357s
[04] eval ckpt step=11200
Loading weights from local directory

============= Initialized Observation Utils with Obs Spec =============

using obs modality: low_dim with keys: ['robot0_eef_quat', 'robot0_eef_pos', 'object', 'robot0_gripper_qpos']
using obs modality: rgb with keys: []
Created environment with name PickPlaceCan
Action size is 7
ROBOMIMIC WARNING(
    Dataset and installed environment version mismatch!
    Dataset environment version: 1.4.1
    Installed environment version: 1.5.2
)
[04] step=11200 : 18/50 = 36.0% [24.1%-49.9%] elapsed=465s
[04] eval ckpt step=11400
Loading weights from local directory

============= Initialized Observation Utils with Obs Spec =============

using obs modality: low_dim with keys: ['robot0_eef_quat', 'robot0_eef_pos', 'object', 'robot0_gripper_qpos']
using obs modality: rgb with keys: []
Created environment with name PickPlaceCan
Action size is 7
ROBOMIMIC WARNING(
    Dataset and installed environment version mismatch!
    Dataset environment version: 1.4.1
    Installed environment version: 1.5.2
)
[04] step=11400 : 15/50 = 30.0% [19.1%-43.8%] elapsed=493s
[04] eval ckpt step=11600
Loading weights from local directory

============= Initialized Observation Utils with Obs Spec =============

using obs modality: low_dim with keys: ['robot0_eef_quat', 'robot0_eef_pos', 'object', 'robot0_gripper_qpos']
using obs modality: rgb with keys: []
Created environment with name PickPlaceCan
Action size is 7
ROBOMIMIC WARNING(
    Dataset and installed environment version mismatch!
    Dataset environment version: 1.4.1
    Installed environment version: 1.5.2
)
[04] step=11600 : 17/50 = 34.0% [22.4%-47.8%] elapsed=479s
[04] eval ckpt step=11800
Loading weights from local directory

============= Initialized Observation Utils with Obs Spec =============

using obs modality: low_dim with keys: ['robot0_eef_quat', 'robot0_eef_pos', 'object', 'robot0_gripper_qpos']
using obs modality: rgb with keys: []
Created environment with name PickPlaceCan
Action size is 7
ROBOMIMIC WARNING(
    Dataset and installed environment version mismatch!
    Dataset environment version: 1.4.1
    Installed environment version: 1.5.2
)
[04] step=11800 : 31/50 = 62.0% [48.2%-74.1%] elapsed=379s
[04] eval ckpt step=12000
Loading weights from local directory

============= Initialized Observation Utils with Obs Spec =============

using obs modality: low_dim with keys: ['robot0_eef_quat', 'robot0_eef_pos', 'object', 'robot0_gripper_qpos']
using obs modality: rgb with keys: []
Created environment with name PickPlaceCan
Action size is 7
ROBOMIMIC WARNING(
    Dataset and installed environment version mismatch!
    Dataset environment version: 1.4.1
    Installed environment version: 1.5.2
)
[04] step=12000 : 15/50 = 30.0% [19.1%-43.8%] elapsed=488s
[04] eval ckpt step=12200
Loading weights from local directory

============= Initialized Observation Utils with Obs Spec =============

using obs modality: low_dim with keys: ['robot0_eef_quat', 'robot0_eef_pos', 'object', 'robot0_gripper_qpos']
using obs modality: rgb with keys: []
Created environment with name PickPlaceCan
Action size is 7
ROBOMIMIC WARNING(
    Dataset and installed environment version mismatch!
    Dataset environment version: 1.4.1
    Installed environment version: 1.5.2
)
[04] step=12200 : 30/50 = 60.0% [46.2%-72.4%] elapsed=377s
[04] eval ckpt step=12400
Loading weights from local directory

============= Initialized Observation Utils with Obs Spec =============

using obs modality: low_dim with keys: ['robot0_eef_quat', 'robot0_eef_pos', 'object', 'robot0_gripper_qpos']
using obs modality: rgb with keys: []
Created environment with name PickPlaceCan
Action size is 7
ROBOMIMIC WARNING(
    Dataset and installed environment version mismatch!
    Dataset environment version: 1.4.1
    Installed environment version: 1.5.2
)
[04] step=12400 : 16/50 = 32.0% [20.8%-45.8%] elapsed=482s
[04] eval ckpt step=12600
Loading weights from local directory

============= Initialized Observation Utils with Obs Spec =============

using obs modality: low_dim with keys: ['robot0_eef_quat', 'robot0_eef_pos', 'object', 'robot0_gripper_qpos']
using obs modality: rgb with keys: []
Created environment with name PickPlaceCan
Action size is 7
ROBOMIMIC WARNING(
    Dataset and installed environment version mismatch!
    Dataset environment version: 1.4.1
    Installed environment version: 1.5.2
)
[04] step=12600 : 26/50 = 52.0% [38.5%-65.2%] elapsed=443s
[04] eval ckpt step=12800
Loading weights from local directory

============= Initialized Observation Utils with Obs Spec =============

using obs modality: low_dim with keys: ['robot0_eef_quat', 'robot0_eef_pos', 'object', 'robot0_gripper_qpos']
using obs modality: rgb with keys: []
Created environment with name PickPlaceCan
Action size is 7
ROBOMIMIC WARNING(
    Dataset and installed environment version mismatch!
    Dataset environment version: 1.4.1
    Installed environment version: 1.5.2
)
[04] step=12800 : 39/50 = 78.0% [64.8%-87.2%] elapsed=311s
[04] eval ckpt step=13000
Loading weights from local directory

============= Initialized Observation Utils with Obs Spec =============

using obs modality: low_dim with keys: ['robot0_eef_quat', 'robot0_eef_pos', 'object', 'robot0_gripper_qpos']
using obs modality: rgb with keys: []
Created environment with name PickPlaceCan
Action size is 7
ROBOMIMIC WARNING(
    Dataset and installed environment version mismatch!
    Dataset environment version: 1.4.1
    Installed environment version: 1.5.2
)
[04] step=13000 : 20/50 = 40.0% [27.6%-53.8%] elapsed=443s
[04] eval ckpt step=13200
Loading weights from local directory

============= Initialized Observation Utils with Obs Spec =============

using obs modality: low_dim with keys: ['robot0_eef_quat', 'robot0_eef_pos', 'object', 'robot0_gripper_qpos']
using obs modality: rgb with keys: []
Created environment with name PickPlaceCan
Action size is 7
ROBOMIMIC WARNING(
    Dataset and installed environment version mismatch!
    Dataset environment version: 1.4.1
    Installed environment version: 1.5.2
)
[04] step=13200 : 31/50 = 62.0% [48.2%-74.1%] elapsed=370s
[04] eval ckpt step=13400
Loading weights from local directory

============= Initialized Observation Utils with Obs Spec =============

using obs modality: low_dim with keys: ['robot0_eef_quat', 'robot0_eef_pos', 'object', 'robot0_gripper_qpos']
using obs modality: rgb with keys: []
Created environment with name PickPlaceCan
Action size is 7
ROBOMIMIC WARNING(
    Dataset and installed environment version mismatch!
    Dataset environment version: 1.4.1
    Installed environment version: 1.5.2
)
[04] step=13400 : 35/50 = 70.0% [56.2%-80.9%] elapsed=349s
[04] eval ckpt step=13600
Loading weights from local directory

============= Initialized Observation Utils with Obs Spec =============

using obs modality: low_dim with keys: ['robot0_eef_quat', 'robot0_eef_pos', 'object', 'robot0_gripper_qpos']
using obs modality: rgb with keys: []
Created environment with name PickPlaceCan
Action size is 7
ROBOMIMIC WARNING(
    Dataset and installed environment version mismatch!
    Dataset environment version: 1.4.1
    Installed environment version: 1.5.2
)
[04] step=13600 : 36/50 = 72.0% [58.3%-82.5%] elapsed=334s
[04] eval ckpt step=13800
Loading weights from local directory

============= Initialized Observation Utils with Obs Spec =============

using obs modality: low_dim with keys: ['robot0_eef_quat', 'robot0_eef_pos', 'object', 'robot0_gripper_qpos']
using obs modality: rgb with keys: []
Created environment with name PickPlaceCan
Action size is 7
ROBOMIMIC WARNING(
    Dataset and installed environment version mismatch!
    Dataset environment version: 1.4.1
    Installed environment version: 1.5.2
)
[04] step=13800 : 33/50 = 66.0% [52.2%-77.6%] elapsed=356s
[04] eval ckpt step=14000
Loading weights from local directory

============= Initialized Observation Utils with Obs Spec =============

using obs modality: low_dim with keys: ['robot0_eef_quat', 'robot0_eef_pos', 'object', 'robot0_gripper_qpos']
using obs modality: rgb with keys: []
Created environment with name PickPlaceCan
Action size is 7
ROBOMIMIC WARNING(
    Dataset and installed environment version mismatch!
    Dataset environment version: 1.4.1
    Installed environment version: 1.5.2
)
[04] step=14000 : 34/50 = 68.0% [54.2%-79.2%] elapsed=335s
[04] eval ckpt step=14200
Loading weights from local directory

============= Initialized Observation Utils with Obs Spec =============

using obs modality: low_dim with keys: ['robot0_eef_quat', 'robot0_eef_pos', 'object', 'robot0_gripper_qpos']
using obs modality: rgb with keys: []
Created environment with name PickPlaceCan
Action size is 7
ROBOMIMIC WARNING(
    Dataset and installed environment version mismatch!
    Dataset environment version: 1.4.1
    Installed environment version: 1.5.2
)
[04] step=14200 : 32/50 = 64.0% [50.1%-75.9%] elapsed=371s
[04] eval ckpt step=14400
Loading weights from local directory

============= Initialized Observation Utils with Obs Spec =============

using obs modality: low_dim with keys: ['robot0_eef_quat', 'robot0_eef_pos', 'object', 'robot0_gripper_qpos']
using obs modality: rgb with keys: []
Created environment with name PickPlaceCan
Action size is 7
ROBOMIMIC WARNING(
    Dataset and installed environment version mismatch!
    Dataset environment version: 1.4.1
    Installed environment version: 1.5.2
)
[04] step=14400 : 30/50 = 60.0% [46.2%-72.4%] elapsed=369s
[04] eval ckpt step=14600
Loading weights from local directory

============= Initialized Observation Utils with Obs Spec =============

using obs modality: low_dim with keys: ['robot0_eef_quat', 'robot0_eef_pos', 'object', 'robot0_gripper_qpos']
using obs modality: rgb with keys: []
Created environment with name PickPlaceCan
Action size is 7
ROBOMIMIC WARNING(
    Dataset and installed environment version mismatch!
    Dataset environment version: 1.4.1
    Installed environment version: 1.5.2
)
[04] step=14600 : 40/50 = 80.0% [67.0%-88.8%] elapsed=311s
[04] eval ckpt step=14800
Loading weights from local directory

============= Initialized Observation Utils with Obs Spec =============

using obs modality: low_dim with keys: ['robot0_eef_quat', 'robot0_eef_pos', 'object', 'robot0_gripper_qpos']
using obs modality: rgb with keys: []
Created environment with name PickPlaceCan
Action size is 7
ROBOMIMIC WARNING(
    Dataset and installed environment version mismatch!
    Dataset environment version: 1.4.1
    Installed environment version: 1.5.2
)
[04] step=14800 : 38/50 = 76.0% [62.6%-85.7%] elapsed=327s
[04] eval ckpt step=15000
Loading weights from local directory

============= Initialized Observation Utils with Obs Spec =============

using obs modality: low_dim with keys: ['robot0_eef_quat', 'robot0_eef_pos', 'object', 'robot0_gripper_qpos']
using obs modality: rgb with keys: []
Created environment with name PickPlaceCan
Action size is 7
ROBOMIMIC WARNING(
    Dataset and installed environment version mismatch!
    Dataset environment version: 1.4.1
    Installed environment version: 1.5.2
)
[04] step=15000 : 40/50 = 80.0% [67.0%-88.8%] elapsed=312s
[04] eval ckpt step=15200
Loading weights from local directory

============= Initialized Observation Utils with Obs Spec =============

using obs modality: low_dim with keys: ['robot0_eef_quat', 'robot0_eef_pos', 'object', 'robot0_gripper_qpos']
using obs modality: rgb with keys: []
Created environment with name PickPlaceCan
Action size is 7
ROBOMIMIC WARNING(
    Dataset and installed environment version mismatch!
    Dataset environment version: 1.4.1
    Installed environment version: 1.5.2
)
[04] step=15200 : 33/50 = 66.0% [52.2%-77.6%] elapsed=357s
[04] eval ckpt step=15400
Loading weights from local directory

============= Initialized Observation Utils with Obs Spec =============

using obs modality: low_dim with keys: ['robot0_eef_quat', 'robot0_eef_pos', 'object', 'robot0_gripper_qpos']
using obs modality: rgb with keys: []
Created environment with name PickPlaceCan
Action size is 7
ROBOMIMIC WARNING(
    Dataset and installed environment version mismatch!
    Dataset environment version: 1.4.1
    Installed environment version: 1.5.2
)
[04] step=15400 : 32/50 = 64.0% [50.1%-75.9%] elapsed=390s
[04] eval ckpt step=15600
Loading weights from local directory

============= Initialized Observation Utils with Obs Spec =============

using obs modality: low_dim with keys: ['robot0_eef_quat', 'robot0_eef_pos', 'object', 'robot0_gripper_qpos']
using obs modality: rgb with keys: []
Created environment with name PickPlaceCan
Action size is 7
ROBOMIMIC WARNING(
    Dataset and installed environment version mismatch!
    Dataset environment version: 1.4.1
    Installed environment version: 1.5.2
)
[04] step=15600 : 34/50 = 68.0% [54.2%-79.2%] elapsed=350s
[04] eval ckpt step=15800
Loading weights from local directory

============= Initialized Observation Utils with Obs Spec =============

using obs modality: low_dim with keys: ['robot0_eef_quat', 'robot0_eef_pos', 'object', 'robot0_gripper_qpos']
using obs modality: rgb with keys: []
Created environment with name PickPlaceCan
Action size is 7
ROBOMIMIC WARNING(
    Dataset and installed environment version mismatch!
    Dataset environment version: 1.4.1
    Installed environment version: 1.5.2
)
[04] step=15800 : 33/50 = 66.0% [52.2%-77.6%] elapsed=344s
[04] eval ckpt step=16000
Loading weights from local directory

============= Initialized Observation Utils with Obs Spec =============

using obs modality: low_dim with keys: ['robot0_eef_quat', 'robot0_eef_pos', 'object', 'robot0_gripper_qpos']
using obs modality: rgb with keys: []
Created environment with name PickPlaceCan
Action size is 7
ROBOMIMIC WARNING(
    Dataset and installed environment version mismatch!
    Dataset environment version: 1.4.1
    Installed environment version: 1.5.2
)
[04] step=16000 : 45/50 = 90.0% [78.6%-95.7%] elapsed=256s
[04] eval ckpt step=16200
Loading weights from local directory

============= Initialized Observation Utils with Obs Spec =============

using obs modality: low_dim with keys: ['robot0_eef_quat', 'robot0_eef_pos', 'object', 'robot0_gripper_qpos']
using obs modality: rgb with keys: []
Created environment with name PickPlaceCan
Action size is 7
ROBOMIMIC WARNING(
    Dataset and installed environment version mismatch!
    Dataset environment version: 1.4.1
    Installed environment version: 1.5.2
)
[04] step=16200 : 29/50 = 58.0% [44.2%-70.6%] elapsed=387s
[04] eval ckpt step=16400
Loading weights from local directory

============= Initialized Observation Utils with Obs Spec =============

using obs modality: low_dim with keys: ['robot0_eef_quat', 'robot0_eef_pos', 'object', 'robot0_gripper_qpos']
using obs modality: rgb with keys: []
Created environment with name PickPlaceCan
Action size is 7
ROBOMIMIC WARNING(
    Dataset and installed environment version mismatch!
    Dataset environment version: 1.4.1
    Installed environment version: 1.5.2
)
[04] step=16400 : 35/50 = 70.0% [56.2%-80.9%] elapsed=329s
[04] eval ckpt step=16600
Loading weights from local directory

============= Initialized Observation Utils with Obs Spec =============

using obs modality: low_dim with keys: ['robot0_eef_quat', 'robot0_eef_pos', 'object', 'robot0_gripper_qpos']
using obs modality: rgb with keys: []
Created environment with name PickPlaceCan
Action size is 7
ROBOMIMIC WARNING(
    Dataset and installed environment version mismatch!
    Dataset environment version: 1.4.1
    Installed environment version: 1.5.2
)
[04] step=16600 : 33/50 = 66.0% [52.2%-77.6%] elapsed=362s
[04] eval ckpt step=16800
Loading weights from local directory

============= Initialized Observation Utils with Obs Spec =============

using obs modality: low_dim with keys: ['robot0_eef_quat', 'robot0_eef_pos', 'object', 'robot0_gripper_qpos']
using obs modality: rgb with keys: []
Created environment with name PickPlaceCan
Action size is 7
ROBOMIMIC WARNING(
    Dataset and installed environment version mismatch!
    Dataset environment version: 1.4.1
    Installed environment version: 1.5.2
)
[04] step=16800 : 38/50 = 76.0% [62.6%-85.7%] elapsed=313s
[04] eval ckpt step=17000
Loading weights from local directory

============= Initialized Observation Utils with Obs Spec =============

using obs modality: low_dim with keys: ['robot0_eef_quat', 'robot0_eef_pos', 'object', 'robot0_gripper_qpos']
using obs modality: rgb with keys: []
Created environment with name PickPlaceCan
Action size is 7
ROBOMIMIC WARNING(
    Dataset and installed environment version mismatch!
    Dataset environment version: 1.4.1
    Installed environment version: 1.5.2
)
[04] step=17000 : 41/50 = 82.0% [69.2%-90.2%] elapsed=287s
[04] eval ckpt step=17200
Loading weights from local directory

============= Initialized Observation Utils with Obs Spec =============

using obs modality: low_dim with keys: ['robot0_eef_quat', 'robot0_eef_pos', 'object', 'robot0_gripper_qpos']
using obs modality: rgb with keys: []
Created environment with name PickPlaceCan
Action size is 7
ROBOMIMIC WARNING(
    Dataset and installed environment version mismatch!
    Dataset environment version: 1.4.1
    Installed environment version: 1.5.2
)
[04] step=17200 : 29/50 = 58.0% [44.2%-70.6%] elapsed=393s
[04] eval ckpt step=17400
Loading weights from local directory

============= Initialized Observation Utils with Obs Spec =============

using obs modality: low_dim with keys: ['robot0_eef_quat', 'robot0_eef_pos', 'object', 'robot0_gripper_qpos']
using obs modality: rgb with keys: []
Created environment with name PickPlaceCan
Action size is 7
ROBOMIMIC WARNING(
    Dataset and installed environment version mismatch!
    Dataset environment version: 1.4.1
    Installed environment version: 1.5.2
)
[04] step=17400 : 40/50 = 80.0% [67.0%-88.8%] elapsed=305s
[04] eval ckpt step=17600
Loading weights from local directory

============= Initialized Observation Utils with Obs Spec =============

using obs modality: low_dim with keys: ['robot0_eef_quat', 'robot0_eef_pos', 'object', 'robot0_gripper_qpos']
using obs modality: rgb with keys: []
Created environment with name PickPlaceCan
Action size is 7
ROBOMIMIC WARNING(
    Dataset and installed environment version mismatch!
    Dataset environment version: 1.4.1
    Installed environment version: 1.5.2
)
[04] step=17600 : 40/50 = 80.0% [67.0%-88.8%] elapsed=299s
[04] eval ckpt step=17800
Loading weights from local directory

============= Initialized Observation Utils with Obs Spec =============

using obs modality: low_dim with keys: ['robot0_eef_quat', 'robot0_eef_pos', 'object', 'robot0_gripper_qpos']
using obs modality: rgb with keys: []
Created environment with name PickPlaceCan
Action size is 7
ROBOMIMIC WARNING(
    Dataset and installed environment version mismatch!
    Dataset environment version: 1.4.1
    Installed environment version: 1.5.2
)
[04] step=17800 : 43/50 = 86.0% [73.8%-93.0%] elapsed=277s
[04] eval ckpt step=18000
Loading weights from local directory

============= Initialized Observation Utils with Obs Spec =============

using obs modality: low_dim with keys: ['robot0_eef_quat', 'robot0_eef_pos', 'object', 'robot0_gripper_qpos']
using obs modality: rgb with keys: []
Created environment with name PickPlaceCan
Action size is 7
ROBOMIMIC WARNING(
    Dataset and installed environment version mismatch!
    Dataset environment version: 1.4.1
    Installed environment version: 1.5.2
)
[04] step=18000 : 40/50 = 80.0% [67.0%-88.8%] elapsed=294s
[04] eval ckpt step=18200
Loading weights from local directory

============= Initialized Observation Utils with Obs Spec =============

using obs modality: low_dim with keys: ['robot0_eef_quat', 'robot0_eef_pos', 'object', 'robot0_gripper_qpos']
using obs modality: rgb with keys: []
Created environment with name PickPlaceCan
Action size is 7
ROBOMIMIC WARNING(
    Dataset and installed environment version mismatch!
    Dataset environment version: 1.4.1
    Installed environment version: 1.5.2
)
[04] step=18200 : 38/50 = 76.0% [62.6%-85.7%] elapsed=312s
[04] eval ckpt step=18400
Loading weights from local directory

============= Initialized Observation Utils with Obs Spec =============

using obs modality: low_dim with keys: ['robot0_eef_quat', 'robot0_eef_pos', 'object', 'robot0_gripper_qpos']
using obs modality: rgb with keys: []
Created environment with name PickPlaceCan
Action size is 7
ROBOMIMIC WARNING(
    Dataset and installed environment version mismatch!
    Dataset environment version: 1.4.1
    Installed environment version: 1.5.2
)
[04] step=18400 : 38/50 = 76.0% [62.6%-85.7%] elapsed=308s
[04] eval ckpt step=18600
Loading weights from local directory

============= Initialized Observation Utils with Obs Spec =============

using obs modality: low_dim with keys: ['robot0_eef_quat', 'robot0_eef_pos', 'object', 'robot0_gripper_qpos']
using obs modality: rgb with keys: []
Created environment with name PickPlaceCan
Action size is 7
ROBOMIMIC WARNING(
    Dataset and installed environment version mismatch!
    Dataset environment version: 1.4.1
    Installed environment version: 1.5.2
)
[04] step=18600 : 40/50 = 80.0% [67.0%-88.8%] elapsed=291s
[04] eval ckpt step=18800
Loading weights from local directory

============= Initialized Observation Utils with Obs Spec =============

using obs modality: low_dim with keys: ['robot0_eef_quat', 'robot0_eef_pos', 'object', 'robot0_gripper_qpos']
using obs modality: rgb with keys: []
Created environment with name PickPlaceCan
Action size is 7
ROBOMIMIC WARNING(
    Dataset and installed environment version mismatch!
    Dataset environment version: 1.4.1
    Installed environment version: 1.5.2
)
[04] step=18800 : 46/50 = 92.0% [81.2%-96.8%] elapsed=256s
[04] eval ckpt step=19000
Loading weights from local directory

============= Initialized Observation Utils with Obs Spec =============

using obs modality: low_dim with keys: ['robot0_eef_quat', 'robot0_eef_pos', 'object', 'robot0_gripper_qpos']
using obs modality: rgb with keys: []
Created environment with name PickPlaceCan
Action size is 7
ROBOMIMIC WARNING(
    Dataset and installed environment version mismatch!
    Dataset environment version: 1.4.1
    Installed environment version: 1.5.2
)
[04] step=19000 : 43/50 = 86.0% [73.8%-93.0%] elapsed=272s
[04] eval ckpt step=19200
Loading weights from local directory

============= Initialized Observation Utils with Obs Spec =============

using obs modality: low_dim with keys: ['robot0_eef_quat', 'robot0_eef_pos', 'object', 'robot0_gripper_qpos']
using obs modality: rgb with keys: []
Created environment with name PickPlaceCan
Action size is 7
ROBOMIMIC WARNING(
    Dataset and installed environment version mismatch!
    Dataset environment version: 1.4.1
    Installed environment version: 1.5.2
)
[04] step=19200 : 38/50 = 76.0% [62.6%-85.7%] elapsed=309s
[04] eval ckpt step=19400
Loading weights from local directory

============= Initialized Observation Utils with Obs Spec =============

using obs modality: low_dim with keys: ['robot0_eef_quat', 'robot0_eef_pos', 'object', 'robot0_gripper_qpos']
using obs modality: rgb with keys: []
Created environment with name PickPlaceCan
Action size is 7
ROBOMIMIC WARNING(
    Dataset and installed environment version mismatch!
    Dataset environment version: 1.4.1
    Installed environment version: 1.5.2
)
[04] step=19400 : 42/50 = 84.0% [71.5%-91.7%] elapsed=281s
[04] eval ckpt step=19600
Loading weights from local directory

============= Initialized Observation Utils with Obs Spec =============

using obs modality: low_dim with keys: ['robot0_eef_quat', 'robot0_eef_pos', 'object', 'robot0_gripper_qpos']
using obs modality: rgb with keys: []
Created environment with name PickPlaceCan
Action size is 7
ROBOMIMIC WARNING(
    Dataset and installed environment version mismatch!
    Dataset environment version: 1.4.1
    Installed environment version: 1.5.2
)
[04] step=19600 : 42/50 = 84.0% [71.5%-91.7%] elapsed=274s
[04] eval ckpt step=19800
Loading weights from local directory

============= Initialized Observation Utils with Obs Spec =============

using obs modality: low_dim with keys: ['robot0_eef_quat', 'robot0_eef_pos', 'object', 'robot0_gripper_qpos']
using obs modality: rgb with keys: []
Created environment with name PickPlaceCan
Action size is 7
ROBOMIMIC WARNING(
    Dataset and installed environment version mismatch!
    Dataset environment version: 1.4.1
    Installed environment version: 1.5.2
)
[04] step=19800 : 40/50 = 80.0% [67.0%-88.8%] elapsed=293s
[04] eval ckpt step=20000
Loading weights from local directory

============= Initialized Observation Utils with Obs Spec =============

using obs modality: low_dim with keys: ['robot0_eef_quat', 'robot0_eef_pos', 'object', 'robot0_gripper_qpos']
using obs modality: rgb with keys: []
Created environment with name PickPlaceCan
Action size is 7
ROBOMIMIC WARNING(
    Dataset and installed environment version mismatch!
    Dataset environment version: 1.4.1
    Installed environment version: 1.5.2
)
[04] step=20000 : 46/50 = 92.0% [81.2%-96.8%] elapsed=257s
[04] eval ckpt step=20200
Loading weights from local directory

============= Initialized Observation Utils with Obs Spec =============

using obs modality: low_dim with keys: ['robot0_eef_quat', 'robot0_eef_pos', 'object', 'robot0_gripper_qpos']
using obs modality: rgb with keys: []
Created environment with name PickPlaceCan
Action size is 7
ROBOMIMIC WARNING(
    Dataset and installed environment version mismatch!
    Dataset environment version: 1.4.1
    Installed environment version: 1.5.2
)
[04] step=20200 : 36/50 = 72.0% [58.3%-82.5%] elapsed=13998s
[04] eval ckpt step=20400
Loading weights from local directory

============= Initialized Observation Utils with Obs Spec =============

using obs modality: low_dim with keys: ['robot0_eef_quat', 'robot0_eef_pos', 'object', 'robot0_gripper_qpos']
using obs modality: rgb with keys: []
Created environment with name PickPlaceCan
Action size is 7
ROBOMIMIC WARNING(
    Dataset and installed environment version mismatch!
    Dataset environment version: 1.4.1
    Installed environment version: 1.5.2
)
[04] step=20400 : 42/50 = 84.0% [71.5%-91.7%] elapsed=11300s
[04] eval ckpt step=20600
Loading weights from local directory

============= Initialized Observation Utils with Obs Spec =============

using obs modality: low_dim with keys: ['robot0_eef_quat', 'robot0_eef_pos', 'object', 'robot0_gripper_qpos']
using obs modality: rgb with keys: []
Created environment with name PickPlaceCan
Action size is 7
ROBOMIMIC WARNING(
    Dataset and installed environment version mismatch!
    Dataset environment version: 1.4.1
    Installed environment version: 1.5.2
)
[04] step=20600 : 41/50 = 82.0% [69.2%-90.2%] elapsed=311s
[04] eval ckpt step=20800
Loading weights from local directory

============= Initialized Observation Utils with Obs Spec =============

using obs modality: low_dim with keys: ['robot0_eef_quat', 'robot0_eef_pos', 'object', 'robot0_gripper_qpos']
using obs modality: rgb with keys: []
Created environment with name PickPlaceCan
Action size is 7
ROBOMIMIC WARNING(
    Dataset and installed environment version mismatch!
    Dataset environment version: 1.4.1
    Installed environment version: 1.5.2
)
[04] step=20800 : 43/50 = 86.0% [73.8%-93.0%] elapsed=276s
[04] eval ckpt step=21000
Loading weights from local directory

============= Initialized Observation Utils with Obs Spec =============

using obs modality: low_dim with keys: ['robot0_eef_quat', 'robot0_eef_pos', 'object', 'robot0_gripper_qpos']
using obs modality: rgb with keys: []
Created environment with name PickPlaceCan
Action size is 7
ROBOMIMIC WARNING(
    Dataset and installed environment version mismatch!
    Dataset environment version: 1.4.1
    Installed environment version: 1.5.2
)
[04] step=21000 : 44/50 = 88.0% [76.2%-94.4%] elapsed=269s
[04] eval ckpt step=21200
Loading weights from local directory

============= Initialized Observation Utils with Obs Spec =============

using obs modality: low_dim with keys: ['robot0_eef_quat', 'robot0_eef_pos', 'object', 'robot0_gripper_qpos']
using obs modality: rgb with keys: []
Created environment with name PickPlaceCan
Action size is 7
ROBOMIMIC WARNING(
    Dataset and installed environment version mismatch!
    Dataset environment version: 1.4.1
    Installed environment version: 1.5.2
)
[04] step=21200 : 39/50 = 78.0% [64.8%-87.2%] elapsed=308s
[04] eval ckpt step=21400
Loading weights from local directory

============= Initialized Observation Utils with Obs Spec =============

using obs modality: low_dim with keys: ['robot0_eef_quat', 'robot0_eef_pos', 'object', 'robot0_gripper_qpos']
using obs modality: rgb with keys: []
Created environment with name PickPlaceCan
Action size is 7
ROBOMIMIC WARNING(
    Dataset and installed environment version mismatch!
    Dataset environment version: 1.4.1
    Installed environment version: 1.5.2
)
[04] step=21400 : 46/50 = 92.0% [81.2%-96.8%] elapsed=260s
[04] eval ckpt step=21600
Loading weights from local directory

============= Initialized Observation Utils with Obs Spec =============

using obs modality: low_dim with keys: ['robot0_eef_quat', 'robot0_eef_pos', 'object', 'robot0_gripper_qpos']
using obs modality: rgb with keys: []
Created environment with name PickPlaceCan
Action size is 7
ROBOMIMIC WARNING(
    Dataset and installed environment version mismatch!
    Dataset environment version: 1.4.1
    Installed environment version: 1.5.2
)
[04] step=21600 : 44/50 = 88.0% [76.2%-94.4%] elapsed=286s
[04] eval ckpt step=21800
Loading weights from local directory

============= Initialized Observation Utils with Obs Spec =============

using obs modality: low_dim with keys: ['robot0_eef_quat', 'robot0_eef_pos', 'object', 'robot0_gripper_qpos']
using obs modality: rgb with keys: []
Created environment with name PickPlaceCan
Action size is 7
ROBOMIMIC WARNING(
    Dataset and installed environment version mismatch!
    Dataset environment version: 1.4.1
    Installed environment version: 1.5.2
)
[04] step=21800 : 40/50 = 80.0% [67.0%-88.8%] elapsed=295s
[04] eval ckpt step=22000
Loading weights from local directory

============= Initialized Observation Utils with Obs Spec =============

using obs modality: low_dim with keys: ['robot0_eef_quat', 'robot0_eef_pos', 'object', 'robot0_gripper_qpos']
using obs modality: rgb with keys: []
Created environment with name PickPlaceCan
Action size is 7
ROBOMIMIC WARNING(
    Dataset and installed environment version mismatch!
    Dataset environment version: 1.4.1
    Installed environment version: 1.5.2
)
[04] step=22000 : 43/50 = 86.0% [73.8%-93.0%] elapsed=283s
[04] eval ckpt step=22200
Loading weights from local directory

============= Initialized Observation Utils with Obs Spec =============

using obs modality: low_dim with keys: ['robot0_eef_quat', 'robot0_eef_pos', 'object', 'robot0_gripper_qpos']
using obs modality: rgb with keys: []
Created environment with name PickPlaceCan
Action size is 7
ROBOMIMIC WARNING(
    Dataset and installed environment version mismatch!
    Dataset environment version: 1.4.1
    Installed environment version: 1.5.2
)
[04] step=22200 : 47/50 = 94.0% [83.8%-97.9%] elapsed=255s
[04] eval ckpt step=22400
Loading weights from local directory

============= Initialized Observation Utils with Obs Spec =============

using obs modality: low_dim with keys: ['robot0_eef_quat', 'robot0_eef_pos', 'object', 'robot0_gripper_qpos']
using obs modality: rgb with keys: []
Created environment with name PickPlaceCan
Action size is 7
ROBOMIMIC WARNING(
    Dataset and installed environment version mismatch!
    Dataset environment version: 1.4.1
    Installed environment version: 1.5.2
)
[04] step=22400 : 44/50 = 88.0% [76.2%-94.4%] elapsed=277s
[04] eval ckpt step=22600
Loading weights from local directory

============= Initialized Observation Utils with Obs Spec =============

using obs modality: low_dim with keys: ['robot0_eef_quat', 'robot0_eef_pos', 'object', 'robot0_gripper_qpos']
using obs modality: rgb with keys: []
Created environment with name PickPlaceCan
Action size is 7
ROBOMIMIC WARNING(
    Dataset and installed environment version mismatch!
    Dataset environment version: 1.4.1
    Installed environment version: 1.5.2
)
[04] step=22600 : 45/50 = 90.0% [78.6%-95.7%] elapsed=277s
[04] eval ckpt step=22800
Loading weights from local directory

============= Initialized Observation Utils with Obs Spec =============

using obs modality: low_dim with keys: ['robot0_eef_quat', 'robot0_eef_pos', 'object', 'robot0_gripper_qpos']
using obs modality: rgb with keys: []
Created environment with name PickPlaceCan
Action size is 7
ROBOMIMIC WARNING(
    Dataset and installed environment version mismatch!
    Dataset environment version: 1.4.1
    Installed environment version: 1.5.2
)
[04] step=22800 : 43/50 = 86.0% [73.8%-93.0%] elapsed=288s
[04] eval ckpt step=23000
Loading weights from local directory

============= Initialized Observation Utils with Obs Spec =============

using obs modality: low_dim with keys: ['robot0_eef_quat', 'robot0_eef_pos', 'object', 'robot0_gripper_qpos']
using obs modality: rgb with keys: []
Created environment with name PickPlaceCan
Action size is 7
ROBOMIMIC WARNING(
    Dataset and installed environment version mismatch!
    Dataset environment version: 1.4.1
    Installed environment version: 1.5.2
)
[04] step=23000 : 48/50 = 96.0% [86.5%-98.9%] elapsed=239s
[04] eval ckpt step=23200
Loading weights from local directory

============= Initialized Observation Utils with Obs Spec =============

using obs modality: low_dim with keys: ['robot0_eef_quat', 'robot0_eef_pos', 'object', 'robot0_gripper_qpos']
using obs modality: rgb with keys: []
Created environment with name PickPlaceCan
Action size is 7
ROBOMIMIC WARNING(
    Dataset and installed environment version mismatch!
    Dataset environment version: 1.4.1
    Installed environment version: 1.5.2
)
[04] step=23200 : 48/50 = 96.0% [86.5%-98.9%] elapsed=242s
[04] eval ckpt step=23400
Loading weights from local directory

============= Initialized Observation Utils with Obs Spec =============

using obs modality: low_dim with keys: ['robot0_eef_quat', 'robot0_eef_pos', 'object', 'robot0_gripper_qpos']
using obs modality: rgb with keys: []
Created environment with name PickPlaceCan
Action size is 7
ROBOMIMIC WARNING(
    Dataset and installed environment version mismatch!
    Dataset environment version: 1.4.1
    Installed environment version: 1.5.2
)
[04] step=23400 : 45/50 = 90.0% [78.6%-95.7%] elapsed=263s
[04] eval ckpt step=23600
Loading weights from local directory

============= Initialized Observation Utils with Obs Spec =============

using obs modality: low_dim with keys: ['robot0_eef_quat', 'robot0_eef_pos', 'object', 'robot0_gripper_qpos']
using obs modality: rgb with keys: []
Created environment with name PickPlaceCan
Action size is 7
ROBOMIMIC WARNING(
    Dataset and installed environment version mismatch!
    Dataset environment version: 1.4.1
    Installed environment version: 1.5.2
)
[04] step=23600 : 45/50 = 90.0% [78.6%-95.7%] elapsed=279s
[04] eval ckpt step=23800
Loading weights from local directory

============= Initialized Observation Utils with Obs Spec =============

using obs modality: low_dim with keys: ['robot0_eef_quat', 'robot0_eef_pos', 'object', 'robot0_gripper_qpos']
using obs modality: rgb with keys: []
Created environment with name PickPlaceCan
Action size is 7
ROBOMIMIC WARNING(
    Dataset and installed environment version mismatch!
    Dataset environment version: 1.4.1
    Installed environment version: 1.5.2
)
[04] step=23800 : 44/50 = 88.0% [76.2%-94.4%] elapsed=274s
[04] eval ckpt step=24000
Loading weights from local directory

============= Initialized Observation Utils with Obs Spec =============

using obs modality: low_dim with keys: ['robot0_eef_quat', 'robot0_eef_pos', 'object', 'robot0_gripper_qpos']
using obs modality: rgb with keys: []
Created environment with name PickPlaceCan
Action size is 7
ROBOMIMIC WARNING(
    Dataset and installed environment version mismatch!
    Dataset environment version: 1.4.1
    Installed environment version: 1.5.2
)
[04] step=24000 : 47/50 = 94.0% [83.8%-97.9%] elapsed=254s
[04] eval ckpt step=24200
Loading weights from local directory

============= Initialized Observation Utils with Obs Spec =============

using obs modality: low_dim with keys: ['robot0_eef_quat', 'robot0_eef_pos', 'object', 'robot0_gripper_qpos']
using obs modality: rgb with keys: []
Created environment with name PickPlaceCan
Action size is 7
ROBOMIMIC WARNING(
    Dataset and installed environment version mismatch!
    Dataset environment version: 1.4.1
    Installed environment version: 1.5.2
)
[04] step=24200 : 45/50 = 90.0% [78.6%-95.7%] elapsed=268s
[04] eval ckpt step=24400
Loading weights from local directory

============= Initialized Observation Utils with Obs Spec =============

using obs modality: low_dim with keys: ['robot0_eef_quat', 'robot0_eef_pos', 'object', 'robot0_gripper_qpos']
using obs modality: rgb with keys: []
Created environment with name PickPlaceCan
Action size is 7
ROBOMIMIC WARNING(
    Dataset and installed environment version mismatch!
    Dataset environment version: 1.4.1
    Installed environment version: 1.5.2
)
[04] step=24400 : 43/50 = 86.0% [73.8%-93.0%] elapsed=285s
[04] eval ckpt step=24600
Loading weights from local directory

============= Initialized Observation Utils with Obs Spec =============

using obs modality: low_dim with keys: ['robot0_eef_quat', 'robot0_eef_pos', 'object', 'robot0_gripper_qpos']
using obs modality: rgb with keys: []
Created environment with name PickPlaceCan
Action size is 7
ROBOMIMIC WARNING(
    Dataset and installed environment version mismatch!
    Dataset environment version: 1.4.1
    Installed environment version: 1.5.2
)
[04] step=24600 : 46/50 = 92.0% [81.2%-96.8%] elapsed=264s
[04] eval ckpt step=24800
Loading weights from local directory

============= Initialized Observation Utils with Obs Spec =============

using obs modality: low_dim with keys: ['robot0_eef_quat', 'robot0_eef_pos', 'object', 'robot0_gripper_qpos']
using obs modality: rgb with keys: []
Created environment with name PickPlaceCan
Action size is 7
ROBOMIMIC WARNING(
    Dataset and installed environment version mismatch!
    Dataset environment version: 1.4.1
    Installed environment version: 1.5.2
)
[04] step=24800 : 48/50 = 96.0% [86.5%-98.9%] elapsed=251s
[04] eval ckpt step=25000
Loading weights from local directory

============= Initialized Observation Utils with Obs Spec =============

using obs modality: low_dim with keys: ['robot0_eef_quat', 'robot0_eef_pos', 'object', 'robot0_gripper_qpos']
using obs modality: rgb with keys: []
Created environment with name PickPlaceCan
Action size is 7
ROBOMIMIC WARNING(
    Dataset and installed environment version mismatch!
    Dataset environment version: 1.4.1
    Installed environment version: 1.5.2
)
[04] step=25000 : 46/50 = 92.0% [81.2%-96.8%] elapsed=268s
[04] eval ckpt step=25200
Loading weights from local directory

============= Initialized Observation Utils with Obs Spec =============

using obs modality: low_dim with keys: ['robot0_eef_quat', 'robot0_eef_pos', 'object', 'robot0_gripper_qpos']
using obs modality: rgb with keys: []
Created environment with name PickPlaceCan
Action size is 7
ROBOMIMIC WARNING(
    Dataset and installed environment version mismatch!
    Dataset environment version: 1.4.1
    Installed environment version: 1.5.2
)
[04] step=25200 : 44/50 = 88.0% [76.2%-94.4%] elapsed=272s
[04] eval ckpt step=25400
Loading weights from local directory

============= Initialized Observation Utils with Obs Spec =============

using obs modality: low_dim with keys: ['robot0_eef_quat', 'robot0_eef_pos', 'object', 'robot0_gripper_qpos']
using obs modality: rgb with keys: []
Created environment with name PickPlaceCan
Action size is 7
ROBOMIMIC WARNING(
    Dataset and installed environment version mismatch!
    Dataset environment version: 1.4.1
    Installed environment version: 1.5.2
)
[04] step=25400 : 45/50 = 90.0% [78.6%-95.7%] elapsed=280s
[04] eval ckpt step=25600
Loading weights from local directory

============= Initialized Observation Utils with Obs Spec =============

using obs modality: low_dim with keys: ['robot0_eef_quat', 'robot0_eef_pos', 'object', 'robot0_gripper_qpos']
using obs modality: rgb with keys: []
Created environment with name PickPlaceCan
Action size is 7
ROBOMIMIC WARNING(
    Dataset and installed environment version mismatch!
    Dataset environment version: 1.4.1
    Installed environment version: 1.5.2
)
[04] step=25600 : 47/50 = 94.0% [83.8%-97.9%] elapsed=249s
[04] eval ckpt step=25800
Loading weights from local directory

============= Initialized Observation Utils with Obs Spec =============

using obs modality: low_dim with keys: ['robot0_eef_quat', 'robot0_eef_pos', 'object', 'robot0_gripper_qpos']
using obs modality: rgb with keys: []
Created environment with name PickPlaceCan
Action size is 7
ROBOMIMIC WARNING(
    Dataset and installed environment version mismatch!
    Dataset environment version: 1.4.1
    Installed environment version: 1.5.2
)
[04] step=25800 : 44/50 = 88.0% [76.2%-94.4%] elapsed=289s
[04] eval ckpt step=26000
Loading weights from local directory

============= Initialized Observation Utils with Obs Spec =============

using obs modality: low_dim with keys: ['robot0_eef_quat', 'robot0_eef_pos', 'object', 'robot0_gripper_qpos']
using obs modality: rgb with keys: []
Created environment with name PickPlaceCan
Action size is 7
ROBOMIMIC WARNING(
    Dataset and installed environment version mismatch!
    Dataset environment version: 1.4.1
    Installed environment version: 1.5.2
)
[04] step=26000 : 43/50 = 86.0% [73.8%-93.0%] elapsed=276s
[04] eval ckpt step=26200
Loading weights from local directory

============= Initialized Observation Utils with Obs Spec =============

using obs modality: low_dim with keys: ['robot0_eef_quat', 'robot0_eef_pos', 'object', 'robot0_gripper_qpos']
using obs modality: rgb with keys: []
Created environment with name PickPlaceCan
Action size is 7
ROBOMIMIC WARNING(
    Dataset and installed environment version mismatch!
    Dataset environment version: 1.4.1
    Installed environment version: 1.5.2
)
[04] step=26200 : 46/50 = 92.0% [81.2%-96.8%] elapsed=262s
[04] eval ckpt step=26400
Loading weights from local directory

============= Initialized Observation Utils with Obs Spec =============

using obs modality: low_dim with keys: ['robot0_eef_quat', 'robot0_eef_pos', 'object', 'robot0_gripper_qpos']
using obs modality: rgb with keys: []
Created environment with name PickPlaceCan
Action size is 7
ROBOMIMIC WARNING(
    Dataset and installed environment version mismatch!
    Dataset environment version: 1.4.1
    Installed environment version: 1.5.2
)
[04] step=26400 : 47/50 = 94.0% [83.8%-97.9%] elapsed=258s
[04] eval ckpt step=26600
Loading weights from local directory

============= Initialized Observation Utils with Obs Spec =============

using obs modality: low_dim with keys: ['robot0_eef_quat', 'robot0_eef_pos', 'object', 'robot0_gripper_qpos']
using obs modality: rgb with keys: []
Created environment with name PickPlaceCan
Action size is 7
ROBOMIMIC WARNING(
    Dataset and installed environment version mismatch!
    Dataset environment version: 1.4.1
    Installed environment version: 1.5.2
)
[04] step=26600 : 44/50 = 88.0% [76.2%-94.4%] elapsed=1359s
[04] eval ckpt step=26800
Loading weights from local directory

============= Initialized Observation Utils with Obs Spec =============

using obs modality: low_dim with keys: ['robot0_eef_quat', 'robot0_eef_pos', 'object', 'robot0_gripper_qpos']
using obs modality: rgb with keys: []
Created environment with name PickPlaceCan
Action size is 7
ROBOMIMIC WARNING(
    Dataset and installed environment version mismatch!
    Dataset environment version: 1.4.1
    Installed environment version: 1.5.2
)
[04] step=26800 : 44/50 = 88.0% [76.2%-94.4%] elapsed=293s
[04] eval ckpt step=27000
Loading weights from local directory

============= Initialized Observation Utils with Obs Spec =============

using obs modality: low_dim with keys: ['robot0_eef_quat', 'robot0_eef_pos', 'object', 'robot0_gripper_qpos']
using obs modality: rgb with keys: []
Created environment with name PickPlaceCan
Action size is 7
ROBOMIMIC WARNING(
    Dataset and installed environment version mismatch!
    Dataset environment version: 1.4.1
    Installed environment version: 1.5.2
)
[04] step=27000 : 45/50 = 90.0% [78.6%-95.7%] elapsed=267s
[04] eval ckpt step=27200
Loading weights from local directory

============= Initialized Observation Utils with Obs Spec =============

using obs modality: low_dim with keys: ['robot0_eef_quat', 'robot0_eef_pos', 'object', 'robot0_gripper_qpos']
using obs modality: rgb with keys: []
Created environment with name PickPlaceCan
Action size is 7
ROBOMIMIC WARNING(
    Dataset and installed environment version mismatch!
    Dataset environment version: 1.4.1
    Installed environment version: 1.5.2
)
[04] step=27200 : 47/50 = 94.0% [83.8%-97.9%] elapsed=249s
[04] eval ckpt step=27400
Loading weights from local directory

============= Initialized Observation Utils with Obs Spec =============

using obs modality: low_dim with keys: ['robot0_eef_quat', 'robot0_eef_pos', 'object', 'robot0_gripper_qpos']
using obs modality: rgb with keys: []
Created environment with name PickPlaceCan
Action size is 7
ROBOMIMIC WARNING(
    Dataset and installed environment version mismatch!
    Dataset environment version: 1.4.1
    Installed environment version: 1.5.2
)
[04] step=27400 : 45/50 = 90.0% [78.6%-95.7%] elapsed=267s
[04] eval ckpt step=27600
Loading weights from local directory

============= Initialized Observation Utils with Obs Spec =============

using obs modality: low_dim with keys: ['robot0_eef_quat', 'robot0_eef_pos', 'object', 'robot0_gripper_qpos']
using obs modality: rgb with keys: []
Created environment with name PickPlaceCan
Action size is 7
ROBOMIMIC WARNING(
    Dataset and installed environment version mismatch!
    Dataset environment version: 1.4.1
    Installed environment version: 1.5.2
)
[04] step=27600 : 46/50 = 92.0% [81.2%-96.8%] elapsed=257s
[04] eval ckpt step=27800
Loading weights from local directory

============= Initialized Observation Utils with Obs Spec =============

using obs modality: low_dim with keys: ['robot0_eef_quat', 'robot0_eef_pos', 'object', 'robot0_gripper_qpos']
using obs modality: rgb with keys: []
Created environment with name PickPlaceCan
Action size is 7
ROBOMIMIC WARNING(
    Dataset and installed environment version mismatch!
    Dataset environment version: 1.4.1
    Installed environment version: 1.5.2
)
[04] step=27800 : 47/50 = 94.0% [83.8%-97.9%] elapsed=248s
[04] eval ckpt step=28000
Loading weights from local directory

============= Initialized Observation Utils with Obs Spec =============

using obs modality: low_dim with keys: ['robot0_eef_quat', 'robot0_eef_pos', 'object', 'robot0_gripper_qpos']
using obs modality: rgb with keys: []
Created environment with name PickPlaceCan
Action size is 7
ROBOMIMIC WARNING(
    Dataset and installed environment version mismatch!
    Dataset environment version: 1.4.1
    Installed environment version: 1.5.2
)
[04] step=28000 : 50/50 = 100.0% [92.9%-100.0%] elapsed=229s
[04] eval ckpt step=28200
Loading weights from local directory

============= Initialized Observation Utils with Obs Spec =============

using obs modality: low_dim with keys: ['robot0_eef_quat', 'robot0_eef_pos', 'object', 'robot0_gripper_qpos']
using obs modality: rgb with keys: []
Created environment with name PickPlaceCan
Action size is 7
ROBOMIMIC WARNING(
    Dataset and installed environment version mismatch!
    Dataset environment version: 1.4.1
    Installed environment version: 1.5.2
)
[04] step=28200 : 45/50 = 90.0% [78.6%-95.7%] elapsed=262s
[04] eval ckpt step=28400
Loading weights from local directory

============= Initialized Observation Utils with Obs Spec =============

using obs modality: low_dim with keys: ['robot0_eef_quat', 'robot0_eef_pos', 'object', 'robot0_gripper_qpos']
using obs modality: rgb with keys: []
Created environment with name PickPlaceCan
Action size is 7
ROBOMIMIC WARNING(
    Dataset and installed environment version mismatch!
    Dataset environment version: 1.4.1
    Installed environment version: 1.5.2
)
[04] step=28400 : 45/50 = 90.0% [78.6%-95.7%] elapsed=265s
[04] eval ckpt step=28600
Loading weights from local directory

============= Initialized Observation Utils with Obs Spec =============

using obs modality: low_dim with keys: ['robot0_eef_quat', 'robot0_eef_pos', 'object', 'robot0_gripper_qpos']
using obs modality: rgb with keys: []
Created environment with name PickPlaceCan
Action size is 7
ROBOMIMIC WARNING(
    Dataset and installed environment version mismatch!
    Dataset environment version: 1.4.1
    Installed environment version: 1.5.2
)
[04] step=28600 : 47/50 = 94.0% [83.8%-97.9%] elapsed=249s
[04] eval ckpt step=28800
Loading weights from local directory

============= Initialized Observation Utils with Obs Spec =============

using obs modality: low_dim with keys: ['robot0_eef_quat', 'robot0_eef_pos', 'object', 'robot0_gripper_qpos']
using obs modality: rgb with keys: []
Created environment with name PickPlaceCan
Action size is 7
ROBOMIMIC WARNING(
    Dataset and installed environment version mismatch!
    Dataset environment version: 1.4.1
    Installed environment version: 1.5.2
)
[04] step=28800 : 47/50 = 94.0% [83.8%-97.9%] elapsed=244s
[04] eval ckpt step=29000
Loading weights from local directory

============= Initialized Observation Utils with Obs Spec =============

using obs modality: low_dim with keys: ['robot0_eef_quat', 'robot0_eef_pos', 'object', 'robot0_gripper_qpos']
using obs modality: rgb with keys: []
Created environment with name PickPlaceCan
Action size is 7
ROBOMIMIC WARNING(
    Dataset and installed environment version mismatch!
    Dataset environment version: 1.4.1
    Installed environment version: 1.5.2
)
[04] step=29000 : 48/50 = 96.0% [86.5%-98.9%] elapsed=243s
[04] eval ckpt step=29200
Loading weights from local directory

============= Initialized Observation Utils with Obs Spec =============

using obs modality: low_dim with keys: ['robot0_eef_quat', 'robot0_eef_pos', 'object', 'robot0_gripper_qpos']
using obs modality: rgb with keys: []
Created environment with name PickPlaceCan
Action size is 7
ROBOMIMIC WARNING(
    Dataset and installed environment version mismatch!
    Dataset environment version: 1.4.1
    Installed environment version: 1.5.2
)
[04] step=29200 : 45/50 = 90.0% [78.6%-95.7%] elapsed=266s
[04] eval ckpt step=29400
Loading weights from local directory

============= Initialized Observation Utils with Obs Spec =============

using obs modality: low_dim with keys: ['robot0_eef_quat', 'robot0_eef_pos', 'object', 'robot0_gripper_qpos']
using obs modality: rgb with keys: []
Created environment with name PickPlaceCan
Action size is 7
ROBOMIMIC WARNING(
    Dataset and installed environment version mismatch!
    Dataset environment version: 1.4.1
    Installed environment version: 1.5.2
)
[04] step=29400 : 45/50 = 90.0% [78.6%-95.7%] elapsed=264s
[04] eval ckpt step=29600
Loading weights from local directory

============= Initialized Observation Utils with Obs Spec =============

using obs modality: low_dim with keys: ['robot0_eef_quat', 'robot0_eef_pos', 'object', 'robot0_gripper_qpos']
using obs modality: rgb with keys: []
Created environment with name PickPlaceCan
Action size is 7
ROBOMIMIC WARNING(
    Dataset and installed environment version mismatch!
    Dataset environment version: 1.4.1
    Installed environment version: 1.5.2
)
[04] step=29600 : 46/50 = 92.0% [81.2%-96.8%] elapsed=254s
[04] eval ckpt step=29800
Loading weights from local directory

============= Initialized Observation Utils with Obs Spec =============

using obs modality: low_dim with keys: ['robot0_eef_quat', 'robot0_eef_pos', 'object', 'robot0_gripper_qpos']
using obs modality: rgb with keys: []
Created environment with name PickPlaceCan
Action size is 7
ROBOMIMIC WARNING(
    Dataset and installed environment version mismatch!
    Dataset environment version: 1.4.1
    Installed environment version: 1.5.2
)
[04] step=29800 : 50/50 = 100.0% [92.9%-100.0%] elapsed=216s
[04] eval ckpt step=30000
Loading weights from local directory

============= Initialized Observation Utils with Obs Spec =============

using obs modality: low_dim with keys: ['robot0_eef_quat', 'robot0_eef_pos', 'object', 'robot0_gripper_qpos']
using obs modality: rgb with keys: []
Created environment with name PickPlaceCan
Action size is 7
ROBOMIMIC WARNING(
    Dataset and installed environment version mismatch!
    Dataset environment version: 1.4.1
    Installed environment version: 1.5.2
)
[04] step=30000 : 45/50 = 90.0% [78.6%-95.7%] elapsed=257s
[04] stop sentinel, fin
[chain] 12:44:17 04 DONE — 05 val_loss multi (~1 h)
[robosuite WARNING] No private macro file found! (macros.py:57)
[robosuite WARNING] It is recommended to use a private macro file (macros.py:58)
[robosuite WARNING] To setup, run: python /Users/nielsmurawka/Documents/VScodeProject/experience_Le/venv312/lib/python3.12/site-packages/robosuite/scripts/setup_macros.py (macros.py:59)
[robosuite WARNING] Could not import robosuite_models. Some robots may not be available. If you want to use these robots, please install robosuite_models from source (https://github.com/ARISE-Initiative/robosuite_models) or through pip install. (__init__.py:30)
[robosuite WARNING] Could not load the mink-based whole-body IK. Make sure you install related import properly, otherwise you will not be able to use the default IK controller setting for GR1 robot. (__init__.py:40)
[05] device=mps, val_idx=50 ép.
objc[41249]: Class AVFFrameReceiver is implemented in both /Users/nielsmurawka/Documents/VScodeProject/experience_Le/venv312/lib/python3.12/site-packages/cv2/.dylibs/libavdevice.61.3.100.dylib (0x1050b83a8) and /Users/nielsmurawka/Documents/VScodeProject/experience_Le/venv312/lib/python3.12/site-packages/av/.dylibs/libavdevice.61.3.100.dylib (0x142d943a8). This may cause spurious casting failures and mysterious crashes. One of the duplicates must be removed or renamed.
objc[41249]: Class AVFAudioReceiver is implemented in both /Users/nielsmurawka/Documents/VScodeProject/experience_Le/venv312/lib/python3.12/site-packages/cv2/.dylibs/libavdevice.61.3.100.dylib (0x1050b83f8) and /Users/nielsmurawka/Documents/VScodeProject/experience_Le/venv312/lib/python3.12/site-packages/av/.dylibs/libavdevice.61.3.100.dylib (0x142d943f8). This may cause spurious casting failures and mysterious crashes. One of the duplicates must be removed or renamed.
[05] 0 ckpts déjà mesurés
Loading weights from local directory
objc[41249]: Class SDLApplication is implemented in both /Users/nielsmurawka/Documents/VScodeProject/experience_Le/venv312/lib/python3.12/site-packages/cv2/.dylibs/libSDL2-2.0.0.dylib (0x10c6d8890) and /opt/homebrew/Cellar/sdl2/2.32.6/lib/libSDL2-2.0.0.dylib (0x36890bc88). This may cause spurious casting failures and mysterious crashes. One of the duplicates must be removed or renamed.
objc[41249]: Class SDLAppDelegate is implemented in both /Users/nielsmurawka/Documents/VScodeProject/experience_Le/venv312/lib/python3.12/site-packages/cv2/.dylibs/libSDL2-2.0.0.dylib (0x10c6d88e0) and /opt/homebrew/Cellar/sdl2/2.32.6/lib/libSDL2-2.0.0.dylib (0x36890bcd8). This may cause spurious casting failures and mysterious crashes. One of the duplicates must be removed or renamed.
objc[41249]: Class SDLTranslatorResponder is implemented in both /Users/nielsmurawka/Documents/VScodeProject/experience_Le/venv312/lib/python3.12/site-packages/cv2/.dylibs/libSDL2-2.0.0.dylib (0x10c6d8958) and /opt/homebrew/Cellar/sdl2/2.32.6/lib/libSDL2-2.0.0.dylib (0x36890bd50). This may cause spurious casting failures and mysterious crashes. One of the duplicates must be removed or renamed.
objc[41249]: Class SDLMessageBoxPresenter is implemented in both /Users/nielsmurawka/Documents/VScodeProject/experience_Le/venv312/lib/python3.12/site-packages/cv2/.dylibs/libSDL2-2.0.0.dylib (0x10c6d8980) and /opt/homebrew/Cellar/sdl2/2.32.6/lib/libSDL2-2.0.0.dylib (0x36890bd78). This may cause spurious casting failures and mysterious crashes. One of the duplicates must be removed or renamed.
objc[41249]: Class SDL_cocoametalview is implemented in both /Users/nielsmurawka/Documents/VScodeProject/experience_Le/venv312/lib/python3.12/site-packages/cv2/.dylibs/libSDL2-2.0.0.dylib (0x10c6d89d0) and /opt/homebrew/Cellar/sdl2/2.32.6/lib/libSDL2-2.0.0.dylib (0x36890bdc8). This may cause spurious casting failures and mysterious crashes. One of the duplicates must be removed or renamed.
objc[41249]: Class SDLOpenGLContext is implemented in both /Users/nielsmurawka/Documents/VScodeProject/experience_Le/venv312/lib/python3.12/site-packages/cv2/.dylibs/libSDL2-2.0.0.dylib (0x10c6d8a20) and /opt/homebrew/Cellar/sdl2/2.32.6/lib/libSDL2-2.0.0.dylib (0x36890be18). This may cause spurious casting failures and mysterious crashes. One of the duplicates must be removed or renamed.
objc[41249]: Class SDL_ShapeData is implemented in both /Users/nielsmurawka/Documents/VScodeProject/experience_Le/venv312/lib/python3.12/site-packages/cv2/.dylibs/libSDL2-2.0.0.dylib (0x10c6d8a98) and /opt/homebrew/Cellar/sdl2/2.32.6/lib/libSDL2-2.0.0.dylib (0x36890be90). This may cause spurious casting failures and mysterious crashes. One of the duplicates must be removed or renamed.
objc[41249]: Class SDL_CocoaClosure is implemented in both /Users/nielsmurawka/Documents/VScodeProject/experience_Le/venv312/lib/python3.12/site-packages/cv2/.dylibs/libSDL2-2.0.0.dylib (0x10c6d8ae8) and /opt/homebrew/Cellar/sdl2/2.32.6/lib/libSDL2-2.0.0.dylib (0x36890bee0). This may cause spurious casting failures and mysterious crashes. One of the duplicates must be removed or renamed.
objc[41249]: Class SDL_VideoData is implemented in both /Users/nielsmurawka/Documents/VScodeProject/experience_Le/venv312/lib/python3.12/site-packages/cv2/.dylibs/libSDL2-2.0.0.dylib (0x10c6d8b38) and /opt/homebrew/Cellar/sdl2/2.32.6/lib/libSDL2-2.0.0.dylib (0x36890bf30). This may cause spurious casting failures and mysterious crashes. One of the duplicates must be removed or renamed.
objc[41249]: Class SDL_WindowData is implemented in both /Users/nielsmurawka/Documents/VScodeProject/experience_Le/venv312/lib/python3.12/site-packages/cv2/.dylibs/libSDL2-2.0.0.dylib (0x10c6d8b88) and /opt/homebrew/Cellar/sdl2/2.32.6/lib/libSDL2-2.0.0.dylib (0x36890bf80). This may cause spurious casting failures and mysterious crashes. One of the duplicates must be removed or renamed.
objc[41249]: Class SDLWindow is implemented in both /Users/nielsmurawka/Documents/VScodeProject/experience_Le/venv312/lib/python3.12/site-packages/cv2/.dylibs/libSDL2-2.0.0.dylib (0x10c6d8bb0) and /opt/homebrew/Cellar/sdl2/2.32.6/lib/libSDL2-2.0.0.dylib (0x36890bfa8). This may cause spurious casting failures and mysterious crashes. One of the duplicates must be removed or renamed.
objc[41249]: Class Cocoa_WindowListener is implemented in both /Users/nielsmurawka/Documents/VScodeProject/experience_Le/venv312/lib/python3.12/site-packages/cv2/.dylibs/libSDL2-2.0.0.dylib (0x10c6d8bd8) and /opt/homebrew/Cellar/sdl2/2.32.6/lib/libSDL2-2.0.0.dylib (0x36890bfd0). This may cause spurious casting failures and mysterious crashes. One of the duplicates must be removed or renamed.
objc[41249]: Class SDLView is implemented in both /Users/nielsmurawka/Documents/VScodeProject/experience_Le/venv312/lib/python3.12/site-packages/cv2/.dylibs/libSDL2-2.0.0.dylib (0x10c6d8c50) and /opt/homebrew/Cellar/sdl2/2.32.6/lib/libSDL2-2.0.0.dylib (0x36890c048). This may cause spurious casting failures and mysterious crashes. One of the duplicates must be removed or renamed.
objc[41249]: Class METAL_RenderData is implemented in both /Users/nielsmurawka/Documents/VScodeProject/experience_Le/venv312/lib/python3.12/site-packages/cv2/.dylibs/libSDL2-2.0.0.dylib (0x10c6d8cc8) and /opt/homebrew/Cellar/sdl2/2.32.6/lib/libSDL2-2.0.0.dylib (0x36890c0c0). This may cause spurious casting failures and mysterious crashes. One of the duplicates must be removed or renamed.
objc[41249]: Class METAL_TextureData is implemented in both /Users/nielsmurawka/Documents/VScodeProject/experience_Le/venv312/lib/python3.12/site-packages/cv2/.dylibs/libSDL2-2.0.0.dylib (0x10c6d8d18) and /opt/homebrew/Cellar/sdl2/2.32.6/lib/libSDL2-2.0.0.dylib (0x36890c110). This may cause spurious casting failures and mysterious crashes. One of the duplicates must be removed or renamed.
objc[41249]: Class SDL_RumbleMotor is implemented in both /Users/nielsmurawka/Documents/VScodeProject/experience_Le/venv312/lib/python3.12/site-packages/cv2/.dylibs/libSDL2-2.0.0.dylib (0x10c6d8d40) and /opt/homebrew/Cellar/sdl2/2.32.6/lib/libSDL2-2.0.0.dylib (0x36890c138). This may cause spurious casting failures and mysterious crashes. One of the duplicates must be removed or renamed.
objc[41249]: Class SDL_RumbleContext is implemented in both /Users/nielsmurawka/Documents/VScodeProject/experience_Le/venv312/lib/python3.12/site-packages/cv2/.dylibs/libSDL2-2.0.0.dylib (0x10c6d8d90) and /opt/homebrew/Cellar/sdl2/2.32.6/lib/libSDL2-2.0.0.dylib (0x36890c188). This may cause spurious casting failures and mysterious crashes. One of the duplicates must be removed or renamed.
objc[41249]: Class AVFFrameReceiver is implemented in both /Users/nielsmurawka/Documents/VScodeProject/experience_Le/venv312/lib/python3.12/site-packages/cv2/.dylibs/libavdevice.61.3.100.dylib (0x1050b83a8) and /opt/homebrew/Cellar/ffmpeg/7.1.1_2/lib/libavdevice.61.3.100.dylib (0x34d6ec328). This may cause spurious casting failures and mysterious crashes. One of the duplicates must be removed or renamed.
objc[41249]: Class AVFAudioReceiver is implemented in both /Users/nielsmurawka/Documents/VScodeProject/experience_Le/venv312/lib/python3.12/site-packages/cv2/.dylibs/libavdevice.61.3.100.dylib (0x1050b83f8) and /opt/homebrew/Cellar/ffmpeg/7.1.1_2/lib/libavdevice.61.3.100.dylib (0x34d6ec378). This may cause spurious casting failures and mysterious crashes. One of the duplicates must be removed or renamed.
Loading weights from local directory
Loading weights from local directory
Loading weights from local directory
Loading weights from local directory
Loading weights from local directory
Loading weights from local directory
Loading weights from local directory
Loading weights from local directory
Loading weights from local directory
[05] step=1000: mean=0.1377 std=0.0017 (640.0s)
Loading weights from local directory
Loading weights from local directory
Loading weights from local directory
Loading weights from local directory
Loading weights from local directory
Loading weights from local directory
Loading weights from local directory
Loading weights from local directory
Loading weights from local directory
Loading weights from local directory
[05] step=2000: mean=0.0970 std=0.0021 (3585.0s)
Loading weights from local directory
Loading weights from local directory
Loading weights from local directory
Loading weights from local directory
Loading weights from local directory
Loading weights from local directory
Loading weights from local directory
Loading weights from local directory
Loading weights from local directory
Loading weights from local directory
[05] step=3000: mean=0.0788 std=0.0011 (659.9s)
Loading weights from local directory
Loading weights from local directory
Loading weights from local directory
Loading weights from local directory
Loading weights from local directory
Loading weights from local directory
Loading weights from local directory
Loading weights from local directory
Loading weights from local directory
Loading weights from local directory
[05] step=4000: mean=0.0752 std=0.0013 (595.6s)
Loading weights from local directory
Loading weights from local directory
Loading weights from local directory
Loading weights from local directory
Loading weights from local directory
Loading weights from local directory
Loading weights from local directory
Loading weights from local directory
Loading weights from local directory
Loading weights from local directory
[05] step=5000: mean=0.0668 std=0.0009 (606.8s)
Loading weights from local directory
Loading weights from local directory
Loading weights from local directory
Loading weights from local directory
Loading weights from local directory
Loading weights from local directory
Loading weights from local directory
Loading weights from local directory
Loading weights from local directory
Loading weights from local directory
[05] step=6000: mean=0.0656 std=0.0010 (602.7s)
Loading weights from local directory
Loading weights from local directory
Loading weights from local directory
Loading weights from local directory
Loading weights from local directory
Loading weights from local directory
Loading weights from local directory
Loading weights from local directory
Loading weights from local directory
Loading weights from local directory
[05] step=7000: mean=0.0629 std=0.0007 (649.9s)
Loading weights from local directory
Loading weights from local directory
Loading weights from local directory
Loading weights from local directory
Loading weights from local directory
Loading weights from local directory
Loading weights from local directory
Loading weights from local directory
Loading weights from local directory
Loading weights from local directory
[05] step=8000: mean=0.0605 std=0.0006 (739.1s)
Loading weights from local directory
Loading weights from local directory
Loading weights from local directory
Loading weights from local directory
Loading weights from local directory
Loading weights from local directory
Loading weights from local directory
Loading weights from local directory
Loading weights from local directory
Loading weights from local directory
[05] step=9000: mean=0.0584 std=0.0020 (1799.7s)
Loading weights from local directory
Loading weights from local directory
Loading weights from local directory
Loading weights from local directory
Loading weights from local directory
Loading weights from local directory
Loading weights from local directory
Loading weights from local directory
Loading weights from local directory
Loading weights from local directory
[05] step=10000: mean=0.0580 std=0.0011 (638.7s)
Loading weights from local directory
Loading weights from local directory
Loading weights from local directory
Loading weights from local directory
Loading weights from local directory
Loading weights from local directory
Loading weights from local directory
Loading weights from local directory
Loading weights from local directory
Loading weights from local directory
[05] step=11000: mean=0.0549 std=0.0013 (726.1s)
Loading weights from local directory
Loading weights from local directory
Loading weights from local directory
Loading weights from local directory
Loading weights from local directory
Loading weights from local directory
Loading weights from local directory
Loading weights from local directory
Loading weights from local directory
Loading weights from local directory
/Library/Frameworks/Python.framework/Versions/3.12/lib/python3.12/multiprocessing/resource_tracker.py:254: UserWarning: resource_tracker: There appear to be 1 leaked semaphore objects to clean up at shutdown
  warnings.warn('resource_tracker: There appear to be %d '
